Sample in Buffer,Sample in Window,TRIGGER,i_app/design_1_i/hier_ilas/ila_cmac_rx/U0/probe0[47:0],i_app/design_1_i/hier_ilas/ila_cmac_rx/U0/net_slot_0_axis_tdata[511:0],i_app/design_1_i/hier_ilas/ila_cmac_rx/U0/net_slot_0_axis_tkeep[63:0],i_app/design_1_i/hier_ilas/ila_cmac_rx/U0/net_slot_0_axis_tuser,i_app/design_1_i/hier_ilas/ila_cmac_rx/U0/net_slot_0_axis_tvalid,i_app/design_1_i/hier_ilas/ila_cmac_rx/U0/net_slot_0_axis_tlast,Interface_(i3:s0)_(cmac_usplus_0_axis_rx)[2:0],T_Channel_(i3:s0)_(cmac_usplus_0_axis_rx)[2:0]
Radix - UNSIGNED,UNSIGNED,UNSIGNED,HEX,HEX,HEX,HEX,HEX,HEX,HEX,HEX
0,0,0,00022ded1b71,00000000000000005043543d4449000000023246435420c00701fe05fe05ffbfa8c0febfa8c08b3c11400040f7fb1b010045000891a0631452f4ffffffffffff,0000000000000000,0,0,0,"_","_"
1,1,1,00022ded1b72,3836312e3239313a5043543d4449000000023246435420c00701fe05fe05ffbfa8c0febfa8c08b3c11400040f7fb1b010045000891a0631452f4ffffffffffff,ffffffffffffffff,0,1,0,"Active","Stream Beat"
2,2,0,00022ded1b73,2d35322d302e30312e352078756e694c3d656d614e534f0072657672655320657261776472614820786e696c69583d656d614e00693c803a3435322e3139312e,ffffffffffffffff,0,1,0,"Active","Stream Beat"
3,3,0,00022ded1b74,00000000000000000000000000000000382d323935342d383636322d33386464366238363d4449746e65674100746f6f723d656d614e72657355003436646d61,0000000000000000,0,0,0,"_","_"
4,4,0,00022ded1b75,3330366465393463613762312d383664382d323935342d383636322d33386464366238363d4449746e65674100746f6f723d656d614e72657355003436646d61,ffffffffffffffff,0,1,0,"Active","Stream Beat"
5,5,0,00022ded1b76,2d323935342d383636322d33386464366238363d4449726567616e614d6563697672655300693c803d74726f50005043543d656d614e74726f70736e61725400,ffffffffffffffff,0,1,0,"Active","Stream Beat"
6,6,0,00022ded1b77,0000000000000000000000000000000000000000000000003435322e3139312e3836312e3239313d74736f4800302d3330366465393463613762312d38366438,0000000000000000,0,0,0,"_","_"
7,7,0,00022ded1b78,000000000000001e000000000000001e0000000a0e2c08003435322e3139312e3836312e3239313d74736f4800302d3330366465393463613762312d38366438,000001ffffffffff,0,1,1,"Active","Last Stream"
8,0,0,000292208bf3,00000000000000000080010000000000000000000000000002ffd3e473fefffb900200000000000080fe013a40007e780260dd86d3e473fb9000010000003333,0000000000000000,0,0,0,"_","_"
9,1,1,000292208bf4,467d0100b75787530080010000000000000000000000000002ffd3e473fefffb900200000000000080fe013a40007e780260dd86d3e473fb9000010000003333,ffffffffffffffff,0,1,0,"Active","Stream Beat"
10,2,0,000292208bf5,000000000000de46ad7437363534333231302f2e2d2c2b2a292827262524232221201f1e1d1c1b1a19181716151413121110000000000008667e000000006932,003fffffffffffff,0,1,1,"Active","Last Stream"
11,3,0,000292208bf6,000000000000000000000000000000000000000000000000000000000000001e000000000000de46ad7437363534333231302f2e2d2c2b2a2928272625242322,0000000000000000,0,0,0,"_","_"
12,4,0,000292208bf7,000000000000000000000000000000000000000000000000000000000000001e000000000000de46ad7437363534333231302f2e2d2c2b2a2928272625242322,0000000000000000,0,0,0,"_","_"
13,5,0,000292208bf8,000000000000000000000000000000000000000000000000000000000000001e000000000000de46ad7437363534333231302f2e2d2c2b2a2928272625242322,0000000000000000,0,0,0,"_","_"
14,6,0,000292208bf9,000000000000000000000000000000000000000000000000000000000000001e000000000000de46ad7437363534333231302f2e2d2c2b2a2928272625242322,0000000000000000,0,0,0,"_","_"
15,7,0,000292208bfa,000000000000000000000000000000000000000000000000000000000000001e000000000000de46ad7437363534333231302f2e2d2c2b2a2928272625242322,0000000000000000,0,0,0,"_","_"
16,0,0,00029220e113,000000000000000000000000000000000000000000000000530e000000000000530e00000000000080feff3a200000000060dd8661010331530cd3e473ff3333,0000000000000000,0,0,0,"_","_"
17,1,1,00029220e114,80fe0000000010370087d3e473ff0100000000000000000002ff610103feff31530e00000000000080feff3a200000000060dd8661010331530cd3e473ff3333,ffffffffffffffff,0,1,0,"Active","Stream Beat"
18,2,0,00029220e115,00000000000000000000000000000000000000000000001e000000000000001e0000000000000223cd3861010331530c0101d3e473fefffb9002000000000000,00000000003fffff,0,1,1,"Active","Last Stream"
19,3,0,00029220e116,000000000000000000000000000000000000000000000000000000000000001e000000000000001e0000000000000223cd3861010331530c0101d3e473fefffb,0000000000000000,0,0,0,"_","_"
20,4,0,00029220e117,000000000000000000000000000000000000000000000000000000000000001e000000000000001e0000000000000223cd3861010331530c0101d3e473fefffb,0000000000000000,0,0,0,"_","_"
21,5,0,00029220e118,000000000000000000000000000000000000000000000000000000000000001e000000000000001e0000000000000223cd3861010331530c0101d3e473fefffb,0000000000000000,0,0,0,"_","_"
22,6,0,00029220e119,000000000000000000000000000000000000000000000000000000000000001e000000000000001e0000000000000223cd3861010331530c0101d3e473fefffb,0000000000000000,0,0,0,"_","_"
23,7,0,00029220e11a,000000000000000000000000000000000000000000000000000000000000001e000000000000001e0000000000000223cd3861010331530c0101d3e473fefffb,0000000000000000,0,0,0,"_","_"
24,0,0,00029220e168,00000000000000000000000000000000000000000000000080feff3a200000000060dd86c100033180feff3a200000000060dd86c1000331530cd3e473ff3333,0000000000000000,0,0,0,"_","_"
25,1,1,00029220e169,80fe0000000050380087d3e473ff0100000000000000000002ffc10003feff31530e00000000000080feff3a200000000060dd86c1000331530cd3e473ff3333,ffffffffffffffff,0,1,0,"Active","Stream Beat"
26,2,0,00029220e16a,000000000000000000000000000000000000000000000000000000000000001e00000000000007ead89bc1000331530c0101d3e473fefffb9002000000000000,00000000003fffff,0,1,1,"Active","Last Stream"
27,3,0,00029220e16b,000000000000000000000000000000000000000000000000000000000000001e00000000000007ead89bc1000331530c0101d3e473fefffb9002000000000000,0000000000000000,0,0,0,"_","_"
28,4,0,00029220e16c,000000000000000000000000000000000000000000000000000000000000001e00000000000007ead89bc1000331530c0101d3e473fefffb9002000000000000,0000000000000000,0,0,0,"_","_"
29,5,0,00029220e16d,000000000000000000000000000000000000000000000000000000000000001e00000000000007ead89bc1000331530c0101d3e473fefffb9002000000000000,0000000000000000,0,0,0,"_","_"
30,6,0,00029220e16e,000000000000000000000000000000000000000000000000000000000000001e00000000000007ead89bc1000331530c0101d3e473fefffb9002000000000000,0000000000000000,0,0,0,"_","_"
31,7,0,00029220e16f,000000000000000000000000000000000000000000000000000000000000001e00000000000007ead89bc1000331530c0101d3e473fefffb9002000000000000,0000000000000000,0,0,0,"_","_"
32,0,0,00029220e291,00000000000000000000000000000000000000000000000002ffa10003feff31530e00000000000080feff3a200000000060dd86a1000331530cd3e473ff3333,0000000000000000,0,0,0,"_","_"
33,1,1,00029220e292,80fe0000000090380087d3e473ff0100000000000000000002ffa10003feff31530e00000000000080feff3a200000000060dd86a1000331530cd3e473ff3333,ffffffffffffffff,0,1,0,"Active","Stream Beat"
34,2,0,00029220e293,0000000000000000000000000000001e000000000000001e000000000000001e000000000000c70598a3a1000331530c0101d3e473fefffb9002000000000000,00000000003fffff,0,1,1,"Active","Last Stream"
35,3,0,00029220e294,000000000000000000000000000000000000000000000000000000000000001e000000000000001e000000000000001e000000000000c70598a3a1000331530c,0000000000000000,0,0,0,"_","_"
36,4,0,00029220e295,000000000000000000000000000000000000000000000000000000000000001e000000000000001e000000000000001e000000000000c70598a3a1000331530c,0000000000000000,0,0,0,"_","_"
37,5,0,00029220e296,000000000000000000000000000000000000000000000000000000000000001e000000000000001e000000000000001e000000000000c70598a3a1000331530c,0000000000000000,0,0,0,"_","_"
38,6,0,00029220e297,000000000000000000000000000000000000000000000000000000000000001e000000000000001e000000000000001e000000000000c70598a3a1000331530c,0000000000000000,0,0,0,"_","_"
39,7,0,00029220e298,000000000000000000000000000000000000000000000000000000000000001e000000000000001e000000000000001e000000000000c70598a3a1000331530c,0000000000000000,0,0,0,"_","_"
40,0,0,00029220e318,000000000000000000000000000000000000000000000000530e000000000000530e00000000000080feff3a200000000060dd86a1010331530cd3e473ff3333,0000000000000000,0,0,0,"_","_"
41,1,1,00029220e319,80fe0000000090360087d3e473ff0100000000000000000002ffa10103feff31530e00000000000080feff3a200000000060dd86a1010331530cd3e473ff3333,ffffffffffffffff,0,1,0,"Active","Stream Beat"
42,2,0,00029220e31a,00000000000000000000000000000000000000000000001e000000000000001e0000000000006559551ca1010331530c0101d3e473fefffb9002000000000000,00000000003fffff,0,1,1,"Active","Last Stream"
43,3,0,00029220e31b,000000000000000000000000000000000000000000000000000000000000001e000000000000001e0000000000006559551ca1010331530c0101d3e473fefffb,0000000000000000,0,0,0,"_","_"
44,4,0,00029220e31c,000000000000000000000000000000000000000000000000000000000000001e000000000000001e0000000000006559551ca1010331530c0101d3e473fefffb,0000000000000000,0,0,0,"_","_"
45,5,0,00029220e31d,000000000000000000000000000000000000000000000000000000000000001e000000000000001e0000000000006559551ca1010331530c0101d3e473fefffb,0000000000000000,0,0,0,"_","_"
46,6,0,00029220e31e,000000000000000000000000000000000000000000000000000000000000001e000000000000001e0000000000006559551ca1010331530c0101d3e473fefffb,0000000000000000,0,0,0,"_","_"
47,7,0,00029220e31f,000000000000000000000000000000000000000000000000000000000000001e000000000000001e0000000000006559551ca1010331530c0101d3e473fefffb,0000000000000000,0,0,0,"_","_"
48,0,0,00029220eba3,00000000000000000000000000000000000000000000000002ff810103feff31530e00000000000080feff3a200000000060dd8681010331530cd3e473ff3333,0000000000000000,0,0,0,"_","_"
49,1,1,00029220eba4,80fe00000000d0360087d3e473ff0100000000000000000002ff810103feff31530e00000000000080feff3a200000000060dd8681010331530cd3e473ff3333,ffffffffffffffff,0,1,0,"Active","Stream Beat"
50,2,0,00029220eba5,000000000000001e000000000000001e000000000000001e000000000000001e00000000000093d368cb81010331530c0101d3e473fefffb9002000000000000,00000000003fffff,0,1,1,"Active","Last Stream"
51,3,0,00029220eba6,000000000000000000000000000000000000000000000000000000000000001e000000000000001e000000000000001e000000000000001e00000000000093d3,0000000000000000,0,0,0,"_","_"
52,4,0,00029220eba7,000000000000000000000000000000000000000000000000000000000000001e000000000000001e000000000000001e000000000000001e00000000000093d3,0000000000000000,0,0,0,"_","_"
53,5,0,00029220eba8,000000000000000000000000000000000000000000000000000000000000001e000000000000001e000000000000001e000000000000001e00000000000093d3,0000000000000000,0,0,0,"_","_"
54,6,0,00029220eba9,000000000000000000000000000000000000000000000000000000000000001e000000000000001e000000000000001e000000000000001e00000000000093d3,0000000000000000,0,0,0,"_","_"
55,7,0,00029220ebaa,000000000000000000000000000000000000000000000000000000000000001e000000000000001e000000000000001e000000000000001e00000000000093d3,0000000000000000,0,0,0,"_","_"
56,0,0,00029220ee6c,00000000000000000000000000000000000000000000000002ff410003feff31530e00000000000080feff3a200000000060dd8641000331530cd3e473ff3333,0000000000000000,0,0,0,"_","_"
57,1,1,00029220ee6d,80fe0000000050390087d3e473ff0100000000000000000002ff410003feff31530e00000000000080feff3a200000000060dd8641000331530cd3e473ff3333,ffffffffffffffff,0,1,0,"Active","Stream Beat"
58,2,0,00029220ee6e,000000000000001e000000000000001e000000000000001e000000000000001e00000000000056f53d5041000331530c0101d3e473fefffb9002000000000000,00000000003fffff,0,1,1,"Active","Last Stream"
59,3,0,00029220ee6f,000000000000000000000000000000000000000000000000000000000000001e000000000000001e000000000000001e000000000000001e00000000000056f5,0000000000000000,0,0,0,"_","_"
60,4,0,00029220ee70,000000000000000000000000000000000000000000000000000000000000001e000000000000001e000000000000001e000000000000001e00000000000056f5,0000000000000000,0,0,0,"_","_"
61,5,0,00029220ee71,000000000000000000000000000000000000000000000000000000000000001e000000000000001e000000000000001e000000000000001e00000000000056f5,0000000000000000,0,0,0,"_","_"
62,6,0,00029220ee72,000000000000000000000000000000000000000000000000000000000000001e000000000000001e000000000000001e000000000000001e00000000000056f5,0000000000000000,0,0,0,"_","_"
63,7,0,00029220ee73,000000000000000000000000000000000000000000000000000000000000001e000000000000001e000000000000001e000000000000001e00000000000056f5,0000000000000000,0,0,0,"_","_"
64,0,0,0002922140a3,00000000000000000000000000000000000000000000000002ff91a063feff1452f600000000000080feff3a200000000060dd8691a0631452f4d3e473ff3333,0000000000000000,0,0,0,"_","_"
65,1,1,0002922140a4,80fe00000000ef610087d3e473ff0100000000000000000002ff91a063feff1452f600000000000080feff3a200000000060dd8691a0631452f4d3e473ff3333,ffffffffffffffff,0,1,0,"Active","Stream Beat"
66,2,0,0002922140a5,0000000000000000000000000000001e000000000000001e000000000000001e0000000000002cc79ebd91a0631452f40101d3e473fefffb9002000000000000,00000000003fffff,0,1,1,"Active","Last Stream"
67,3,0,0002922140a6,000000000000000000000000000000000000000000000000000000000000001e000000000000001e000000000000001e0000000000002cc79ebd91a0631452f4,0000000000000000,0,0,0,"_","_"
68,4,0,0002922140a7,000000000000000000000000000000000000000000000000000000000000001e000000000000001e000000000000001e0000000000002cc79ebd91a0631452f4,0000000000000000,0,0,0,"_","_"
69,5,0,0002922140a8,000000000000000000000000000000000000000000000000000000000000001e000000000000001e000000000000001e0000000000002cc79ebd91a0631452f4,0000000000000000,0,0,0,"_","_"
70,6,0,0002922140a9,000000000000000000000000000000000000000000000000000000000000001e000000000000001e000000000000001e0000000000002cc79ebd91a0631452f4,0000000000000000,0,0,0,"_","_"
71,7,0,0002922140aa,000000000000000000000000000000000000000000000000000000000000001e000000000000001e000000000000001e0000000000002cc79ebd91a0631452f4,0000000000000000,0,0,0,"_","_"
72,0,0,000292233817,00000000000000000000000000000000000000000000000080feff3a200000000060dd86c100033180feff3a200000000060dd86c1000331530cd3e473ff3333,0000000000000000,0,0,0,"_","_"
73,1,1,000292233818,80fe0000000050380087d3e473ff0100000000000000000002ffc10003feff31530e00000000000080feff3a200000000060dd86c1000331530cd3e473ff3333,ffffffffffffffff,0,1,0,"Active","Stream Beat"
74,2,0,000292233819,000000000000000000000000000000000000000000000000000000000000001e00000000000007ead89bc1000331530c0101d3e473fefffb9002000000000000,00000000003fffff,0,1,1,"Active","Last Stream"
75,3,0,00029223381a,000000000000000000000000000000000000000000000000000000000000001e00000000000007ead89bc1000331530c0101d3e473fefffb9002000000000000,0000000000000000,0,0,0,"_","_"
76,4,0,00029223381b,000000000000000000000000000000000000000000000000000000000000001e00000000000007ead89bc1000331530c0101d3e473fefffb9002000000000000,0000000000000000,0,0,0,"_","_"
77,5,0,00029223381c,000000000000000000000000000000000000000000000000000000000000001e00000000000007ead89bc1000331530c0101d3e473fefffb9002000000000000,0000000000000000,0,0,0,"_","_"
78,6,0,00029223381d,000000000000000000000000000000000000000000000000000000000000001e00000000000007ead89bc1000331530c0101d3e473fefffb9002000000000000,0000000000000000,0,0,0,"_","_"
79,7,0,00029223381e,000000000000000000000000000000000000000000000000000000000000001e00000000000007ead89bc1000331530c0101d3e473fefffb9002000000000000,0000000000000000,0,0,0,"_","_"
80,0,0,000292239ad8,000000000000000000000000000000000000000000000000530e000000000000530e00000000000080feff3a200000000060dd86a1000331530cd3e473ff3333,0000000000000000,0,0,0,"_","_"
81,1,1,000292239ad9,80fe0000000090380087d3e473ff0100000000000000000002ffa10003feff31530e00000000000080feff3a200000000060dd86a1000331530cd3e473ff3333,ffffffffffffffff,0,1,0,"Active","Stream Beat"
82,2,0,000292239ada,00000000000000000000000000000000000000000000001e000000000000001e000000000000c70598a3a1000331530c0101d3e473fefffb9002000000000000,00000000003fffff,0,1,1,"Active","Last Stream"
83,3,0,000292239adb,000000000000000000000000000000000000000000000000000000000000001e000000000000001e000000000000c70598a3a1000331530c0101d3e473fefffb,0000000000000000,0,0,0,"_","_"
84,4,0,000292239adc,000000000000000000000000000000000000000000000000000000000000001e000000000000001e000000000000c70598a3a1000331530c0101d3e473fefffb,0000000000000000,0,0,0,"_","_"
85,5,0,000292239add,000000000000000000000000000000000000000000000000000000000000001e000000000000001e000000000000c70598a3a1000331530c0101d3e473fefffb,0000000000000000,0,0,0,"_","_"
86,6,0,000292239ade,000000000000000000000000000000000000000000000000000000000000001e000000000000001e000000000000c70598a3a1000331530c0101d3e473fefffb,0000000000000000,0,0,0,"_","_"
87,7,0,000292239adf,000000000000000000000000000000000000000000000000000000000000001e000000000000001e000000000000c70598a3a1000331530c0101d3e473fefffb,0000000000000000,0,0,0,"_","_"
88,0,0,00029223e840,00000000000000000000000000000000000000000000000002ff410003feff31530e00000000000080feff3a200000000060dd8641000331530cd3e473ff3333,0000000000000000,0,0,0,"_","_"
89,1,1,00029223e841,80fe0000000050390087d3e473ff0100000000000000000002ff410003feff31530e00000000000080feff3a200000000060dd8641000331530cd3e473ff3333,ffffffffffffffff,0,1,0,"Active","Stream Beat"
90,2,0,00029223e842,000000000000001e000000000000001e000000000000001e000000000000001e00000000000056f53d5041000331530c0101d3e473fefffb9002000000000000,00000000003fffff,0,1,1,"Active","Last Stream"
91,3,0,00029223e843,000000000000000000000000000000000000000000000000000000000000001e000000000000001e000000000000001e000000000000001e00000000000056f5,0000000000000000,0,0,0,"_","_"
92,4,0,00029223e844,000000000000000000000000000000000000000000000000000000000000001e000000000000001e000000000000001e000000000000001e00000000000056f5,0000000000000000,0,0,0,"_","_"
93,5,0,00029223e845,000000000000000000000000000000000000000000000000000000000000001e000000000000001e000000000000001e000000000000001e00000000000056f5,0000000000000000,0,0,0,"_","_"
94,6,0,00029223e846,000000000000000000000000000000000000000000000000000000000000001e000000000000001e000000000000001e000000000000001e00000000000056f5,0000000000000000,0,0,0,"_","_"
95,7,0,00029223e847,000000000000000000000000000000000000000000000000000000000000001e000000000000001e000000000000001e000000000000001e00000000000056f5,0000000000000000,0,0,0,"_","_"
96,0,0,000292243449,00000000000000000087d3e473ff0100000000000000000002ff91a063feff1452f600000000000080feff3a200000000060dd8691a0631452f4d3e473ff3333,0000000000000000,0,0,0,"_","_"
97,1,1,00029224344a,80fe00000000ef610087d3e473ff0100000000000000000002ff91a063feff1452f600000000000080feff3a200000000060dd8691a0631452f4d3e473ff3333,ffffffffffffffff,0,1,0,"Active","Stream Beat"
98,2,0,00029224344b,0000000000002cc79ebd91a0631452f40101d3e473fefffb900200000000000080fe00000000ef619ebd91a0631452f40101d3e473fefffb9002000000000000,00000000003fffff,0,1,1,"Active","Last Stream"
99,3,0,00029224344c,0000000000000000000000000000000000000000000000000000000000002cc79ebd91a0631452f40101d3e473fefffb900200000000000080fe00000000ef61,0000000000000000,0,0,0,"_","_"
100,4,0,00029224344d,0000000000000000000000000000000000000000000000000000000000002cc79ebd91a0631452f40101d3e473fefffb900200000000000080fe00000000ef61,0000000000000000,0,0,0,"_","_"
101,5,0,00029224344e,0000000000000000000000000000000000000000000000000000000000002cc79ebd91a0631452f40101d3e473fefffb900200000000000080fe00000000ef61,0000000000000000,0,0,0,"_","_"
102,6,0,00029224344f,0000000000000000000000000000000000000000000000000000000000002cc79ebd91a0631452f40101d3e473fefffb900200000000000080fe00000000ef61,0000000000000000,0,0,0,"_","_"
103,7,0,000292243450,0000000000000000000000000000000000000000000000000000000000002cc79ebd91a0631452f40101d3e473fefffb900200000000000080fe00000000ef61,0000000000000000,0,0,0,"_","_"
104,0,0,0002a556a983,00000000000000000000000000000000000000000000000080feff3a200000000060dd86a100033180feff3a200000000060dd86a1000331530cd3e473ff3333,0000000000000000,0,0,0,"_","_"
105,1,1,0002a556a984,80fe0000000090380087d3e473ff0100000000000000000002ffa10003feff31530e00000000000080feff3a200000000060dd86a1000331530cd3e473ff3333,ffffffffffffffff,0,1,0,"Active","Stream Beat"
106,2,0,0002a556a985,000000000000000000000000000000000000000000000000000000000000001e000000000000c70598a3a1000331530c0101d3e473fefffb9002000000000000,00000000003fffff,0,1,1,"Active","Last Stream"
107,3,0,0002a556a986,000000000000000000000000000000000000000000000000000000000000001e000000000000c70598a3a1000331530c0101d3e473fefffb9002000000000000,0000000000000000,0,0,0,"_","_"
108,4,0,0002a556a987,000000000000000000000000000000000000000000000000000000000000001e000000000000c70598a3a1000331530c0101d3e473fefffb9002000000000000,0000000000000000,0,0,0,"_","_"
109,5,0,0002a556a988,000000000000000000000000000000000000000000000000000000000000001e000000000000c70598a3a1000331530c0101d3e473fefffb9002000000000000,0000000000000000,0,0,0,"_","_"
110,6,0,0002a556a989,000000000000000000000000000000000000000000000000000000000000001e000000000000c70598a3a1000331530c0101d3e473fefffb9002000000000000,0000000000000000,0,0,0,"_","_"
111,7,0,0002a556a98a,000000000000000000000000000000000000000000000000000000000000001e000000000000c70598a3a1000331530c0101d3e473fefffb9002000000000000,0000000000000000,0,0,0,"_","_"
112,0,0,0002a557cded,00000000000000000087d3e473ff0100000000000000000002ffa10003feff31530e00000000000080feff3a200000000060dd86a1000331530cd3e473ff3333,0000000000000000,0,0,0,"_","_"
113,1,1,0002a557cdee,80fe0000000090380087d3e473ff0100000000000000000002ffa10003feff31530e00000000000080feff3a200000000060dd86a1000331530cd3e473ff3333,ffffffffffffffff,0,1,0,"Active","Stream Beat"
114,2,0,0002a557cdef,000000000000c70598a3a1000331530c0101d3e473fefffb900200000000000080fe00000000903898a3a1000331530c0101d3e473fefffb9002000000000000,00000000003fffff,0,1,1,"Active","Last Stream"
115,3,0,0002a557cdf0,000000000000000000000000000000000000000000000000000000000000c70598a3a1000331530c0101d3e473fefffb900200000000000080fe000000009038,0000000000000000,0,0,0,"_","_"
116,4,0,0002a557cdf1,000000000000000000000000000000000000000000000000000000000000c70598a3a1000331530c0101d3e473fefffb900200000000000080fe000000009038,0000000000000000,0,0,0,"_","_"
117,5,0,0002a557cdf2,000000000000000000000000000000000000000000000000000000000000c70598a3a1000331530c0101d3e473fefffb900200000000000080fe000000009038,0000000000000000,0,0,0,"_","_"
118,6,0,0002a557cdf3,000000000000000000000000000000000000000000000000000000000000c70598a3a1000331530c0101d3e473fefffb900200000000000080fe000000009038,0000000000000000,0,0,0,"_","_"
119,7,0,0002a557cdf4,000000000000000000000000000000000000000000000000000000000000c70598a3a1000331530c0101d3e473fefffb900200000000000080fe000000009038,0000000000000000,0,0,0,"_","_"
120,0,0,0002a55a1e70,000000000000000000000000000000000000000000000000530e000000000000530e00000000000080feff3a200000000060dd8641000331530cd3e473ff3333,0000000000000000,0,0,0,"_","_"
121,1,1,0002a55a1e71,80fe0000000050390087d3e473ff0100000000000000000002ff410003feff31530e00000000000080feff3a200000000060dd8641000331530cd3e473ff3333,ffffffffffffffff,0,1,0,"Active","Stream Beat"
122,2,0,0002a55a1e72,00000000000000000000000000000000000000000000001e000000000000001e00000000000056f53d5041000331530c0101d3e473fefffb9002000000000000,00000000003fffff,0,1,1,"Active","Last Stream"
123,3,0,0002a55a1e73,000000000000000000000000000000000000000000000000000000000000001e000000000000001e00000000000056f53d5041000331530c0101d3e473fefffb,0000000000000000,0,0,0,"_","_"
124,4,0,0002a55a1e74,000000000000000000000000000000000000000000000000000000000000001e000000000000001e00000000000056f53d5041000331530c0101d3e473fefffb,0000000000000000,0,0,0,"_","_"
125,5,0,0002a55a1e75,000000000000000000000000000000000000000000000000000000000000001e000000000000001e00000000000056f53d5041000331530c0101d3e473fefffb,0000000000000000,0,0,0,"_","_"
126,6,0,0002a55a1e76,000000000000000000000000000000000000000000000000000000000000001e000000000000001e00000000000056f53d5041000331530c0101d3e473fefffb,0000000000000000,0,0,0,"_","_"
127,7,0,0002a55a1e77,000000000000000000000000000000000000000000000000000000000000001e000000000000001e00000000000056f53d5041000331530c0101d3e473fefffb,0000000000000000,0,0,0,"_","_"
128,0,0,0002a55b7f32,00000000000000000000000000000000000000000000000080feff3a200000000060dd864100033180feff3a200000000060dd8641000331530cd3e473ff3333,0000000000000000,0,0,0,"_","_"
129,1,1,0002a55b7f33,80fe0000000050390087d3e473ff0100000000000000000002ff410003feff31530e00000000000080feff3a200000000060dd8641000331530cd3e473ff3333,ffffffffffffffff,0,1,0,"Active","Stream Beat"
130,2,0,0002a55b7f34,000000000000000000000000000000000000000000000000000000000000001e00000000000056f53d5041000331530c0101d3e473fefffb9002000000000000,00000000003fffff,0,1,1,"Active","Last Stream"
131,3,0,0002a55b7f35,000000000000000000000000000000000000000000000000000000000000001e00000000000056f53d5041000331530c0101d3e473fefffb9002000000000000,0000000000000000,0,0,0,"_","_"
132,4,0,0002a55b7f36,000000000000000000000000000000000000000000000000000000000000001e00000000000056f53d5041000331530c0101d3e473fefffb9002000000000000,0000000000000000,0,0,0,"_","_"
133,5,0,0002a55b7f37,000000000000000000000000000000000000000000000000000000000000001e00000000000056f53d5041000331530c0101d3e473fefffb9002000000000000,0000000000000000,0,0,0,"_","_"
134,6,0,0002a55b7f38,000000000000000000000000000000000000000000000000000000000000001e00000000000056f53d5041000331530c0101d3e473fefffb9002000000000000,0000000000000000,0,0,0,"_","_"
135,7,0,0002a55b7f39,000000000000000000000000000000000000000000000000000000000000001e00000000000056f53d5041000331530c0101d3e473fefffb9002000000000000,0000000000000000,0,0,0,"_","_"
136,0,0,0002a5890469,00000000000000000087d3e473ff0100000000000000000002ff610103feff31530e00000000000080feff3a200000000060dd8661010331530cd3e473ff3333,0000000000000000,0,0,0,"_","_"
137,1,1,0002a589046a,80fe0000000010370087d3e473ff0100000000000000000002ff610103feff31530e00000000000080feff3a200000000060dd8661010331530cd3e473ff3333,ffffffffffffffff,0,1,0,"Active","Stream Beat"
138,2,0,0002a589046b,0000000000000223cd3861010331530c0101d3e473fefffb900200000000000080fe000000001037cd3861010331530c0101d3e473fefffb9002000000000000,00000000003fffff,0,1,1,"Active","Last Stream"
139,3,0,0002a589046c,0000000000000000000000000000000000000000000000000000000000000223cd3861010331530c0101d3e473fefffb900200000000000080fe000000001037,0000000000000000,0,0,0,"_","_"
140,4,0,0002a589046d,0000000000000000000000000000000000000000000000000000000000000223cd3861010331530c0101d3e473fefffb900200000000000080fe000000001037,0000000000000000,0,0,0,"_","_"
141,5,0,0002a589046e,0000000000000000000000000000000000000000000000000000000000000223cd3861010331530c0101d3e473fefffb900200000000000080fe000000001037,0000000000000000,0,0,0,"_","_"
142,6,0,0002a589046f,0000000000000000000000000000000000000000000000000000000000000223cd3861010331530c0101d3e473fefffb900200000000000080fe000000001037,0000000000000000,0,0,0,"_","_"
143,7,0,0002a5890470,0000000000000000000000000000000000000000000000000000000000000223cd3861010331530c0101d3e473fefffb900200000000000080fe000000001037,0000000000000000,0,0,0,"_","_"
144,0,0,0002a5914024,00000000000000000000000000000000000000000000000002ff810103feff31530e00000000000080feff3a200000000060dd8681010331530cd3e473ff3333,0000000000000000,0,0,0,"_","_"
145,1,1,0002a5914025,80fe00000000d0360087d3e473ff0100000000000000000002ff810103feff31530e00000000000080feff3a200000000060dd8681010331530cd3e473ff3333,ffffffffffffffff,0,1,0,"Active","Stream Beat"
146,2,0,0002a5914026,0000000000000000000000000000001e000000000000001e000000000000001e00000000000093d368cb81010331530c0101d3e473fefffb9002000000000000,00000000003fffff,0,1,1,"Active","Last Stream"
147,3,0,0002a5914027,000000000000000000000000000000000000000000000000000000000000001e000000000000001e000000000000001e00000000000093d368cb81010331530c,0000000000000000,0,0,0,"_","_"
148,4,0,0002a5914028,000000000000000000000000000000000000000000000000000000000000001e000000000000001e000000000000001e00000000000093d368cb81010331530c,0000000000000000,0,0,0,"_","_"
149,5,0,0002a5914029,000000000000000000000000000000000000000000000000000000000000001e000000000000001e000000000000001e00000000000093d368cb81010331530c,0000000000000000,0,0,0,"_","_"
150,6,0,0002a591402a,000000000000000000000000000000000000000000000000000000000000001e000000000000001e000000000000001e00000000000093d368cb81010331530c,0000000000000000,0,0,0,"_","_"
151,7,0,0002a591402b,000000000000000000000000000000000000000000000000000000000000001e000000000000001e000000000000001e00000000000093d368cb81010331530c,0000000000000000,0,0,0,"_","_"
152,0,0,0002a59feba7,00000000000000000000000000000000000000000000000002ffc10003feff31530e00000000000080feff3a200000000060dd86c1000331530cd3e473ff3333,0000000000000000,0,0,0,"_","_"
153,1,1,0002a59feba8,80fe0000000050380087d3e473ff0100000000000000000002ffc10003feff31530e00000000000080feff3a200000000060dd86c1000331530cd3e473ff3333,ffffffffffffffff,0,1,0,"Active","Stream Beat"
154,2,0,0002a59feba9,0000000000000000000000000000001e000000000000001e000000000000001e00000000000007ead89bc1000331530c0101d3e473fefffb9002000000000000,00000000003fffff,0,1,1,"Active","Last Stream"
155,3,0,0002a59febaa,000000000000000000000000000000000000000000000000000000000000001e000000000000001e000000000000001e00000000000007ead89bc1000331530c,0000000000000000,0,0,0,"_","_"
156,4,0,0002a59febab,000000000000000000000000000000000000000000000000000000000000001e000000000000001e000000000000001e00000000000007ead89bc1000331530c,0000000000000000,0,0,0,"_","_"
157,5,0,0002a59febac,000000000000000000000000000000000000000000000000000000000000001e000000000000001e000000000000001e00000000000007ead89bc1000331530c,0000000000000000,0,0,0,"_","_"
158,6,0,0002a59febad,000000000000000000000000000000000000000000000000000000000000001e000000000000001e000000000000001e00000000000007ead89bc1000331530c,0000000000000000,0,0,0,"_","_"
159,7,0,0002a59febae,000000000000000000000000000000000000000000000000000000000000001e000000000000001e000000000000001e00000000000007ead89bc1000331530c,0000000000000000,0,0,0,"_","_"
160,0,0,0002a5a1c5ea,00000000000000000087d3e473ff0100000000000000000002ffc10003feff31530e00000000000080feff3a200000000060dd86c1000331530cd3e473ff3333,0000000000000000,0,0,0,"_","_"
161,1,1,0002a5a1c5eb,80fe0000000050380087d3e473ff0100000000000000000002ffc10003feff31530e00000000000080feff3a200000000060dd86c1000331530cd3e473ff3333,ffffffffffffffff,0,1,0,"Active","Stream Beat"
162,2,0,0002a5a1c5ec,00000000000007ead89bc1000331530c0101d3e473fefffb900200000000000080fe000000005038d89bc1000331530c0101d3e473fefffb9002000000000000,00000000003fffff,0,1,1,"Active","Last Stream"
163,3,0,0002a5a1c5ed,00000000000000000000000000000000000000000000000000000000000007ead89bc1000331530c0101d3e473fefffb900200000000000080fe000000005038,0000000000000000,0,0,0,"_","_"
164,4,0,0002a5a1c5ee,00000000000000000000000000000000000000000000000000000000000007ead89bc1000331530c0101d3e473fefffb900200000000000080fe000000005038,0000000000000000,0,0,0,"_","_"
165,5,0,0002a5a1c5ef,00000000000000000000000000000000000000000000000000000000000007ead89bc1000331530c0101d3e473fefffb900200000000000080fe000000005038,0000000000000000,0,0,0,"_","_"
166,6,0,0002a5a1c5f0,00000000000000000000000000000000000000000000000000000000000007ead89bc1000331530c0101d3e473fefffb900200000000000080fe000000005038,0000000000000000,0,0,0,"_","_"
167,7,0,0002a5a1c5f1,00000000000000000000000000000000000000000000000000000000000007ead89bc1000331530c0101d3e473fefffb900200000000000080fe000000005038,0000000000000000,0,0,0,"_","_"
168,0,0,0002a5f34cde,00000000000000000087d3e473ff0100000000000000000002ff91a063feff1452f600000000000080feff3a200000000060dd8691a0631452f4d3e473ff3333,0000000000000000,0,0,0,"_","_"
169,1,1,0002a5f34cdf,80fe00000000ef610087d3e473ff0100000000000000000002ff91a063feff1452f600000000000080feff3a200000000060dd8691a0631452f4d3e473ff3333,ffffffffffffffff,0,1,0,"Active","Stream Beat"
170,2,0,0002a5f34ce0,0000000000002cc79ebd91a0631452f40101d3e473fefffb900200000000000080fe00000000ef619ebd91a0631452f40101d3e473fefffb9002000000000000,00000000003fffff,0,1,1,"Active","Last Stream"
171,3,0,0002a5f34ce1,0000000000000000000000000000000000000000000000000000000000002cc79ebd91a0631452f40101d3e473fefffb900200000000000080fe00000000ef61,0000000000000000,0,0,0,"_","_"
172,4,0,0002a5f34ce2,0000000000000000000000000000000000000000000000000000000000002cc79ebd91a0631452f40101d3e473fefffb900200000000000080fe00000000ef61,0000000000000000,0,0,0,"_","_"
173,5,0,0002a5f34ce3,0000000000000000000000000000000000000000000000000000000000002cc79ebd91a0631452f40101d3e473fefffb900200000000000080fe00000000ef61,0000000000000000,0,0,0,"_","_"
174,6,0,0002a5f34ce4,0000000000000000000000000000000000000000000000000000000000002cc79ebd91a0631452f40101d3e473fefffb900200000000000080fe00000000ef61,0000000000000000,0,0,0,"_","_"
175,7,0,0002a5f34ce5,0000000000000000000000000000000000000000000000000000000000002cc79ebd91a0631452f40101d3e473fefffb900200000000000080fe00000000ef61,0000000000000000,0,0,0,"_","_"
176,0,0,0002a5f5e778,00000000000000000000000000000000000000000000000002ff91a063feff1452f600000000000080feff3a200000000060dd8691a0631452f4d3e473ff3333,0000000000000000,0,0,0,"_","_"
177,1,1,0002a5f5e779,80fe00000000ef610087d3e473ff0100000000000000000002ff91a063feff1452f600000000000080feff3a200000000060dd8691a0631452f4d3e473ff3333,ffffffffffffffff,0,1,0,"Active","Stream Beat"
178,2,0,0002a5f5e77a,0000000000000000000000000000001e000000000000001e000000000000001e0000000000002cc79ebd91a0631452f40101d3e473fefffb9002000000000000,00000000003fffff,0,1,1,"Active","Last Stream"
179,3,0,0002a5f5e77b,000000000000000000000000000000000000000000000000000000000000001e000000000000001e000000000000001e0000000000002cc79ebd91a0631452f4,0000000000000000,0,0,0,"_","_"
180,4,0,0002a5f5e77c,000000000000000000000000000000000000000000000000000000000000001e000000000000001e000000000000001e0000000000002cc79ebd91a0631452f4,0000000000000000,0,0,0,"_","_"
181,5,0,0002a5f5e77d,000000000000000000000000000000000000000000000000000000000000001e000000000000001e000000000000001e0000000000002cc79ebd91a0631452f4,0000000000000000,0,0,0,"_","_"
182,6,0,0002a5f5e77e,000000000000000000000000000000000000000000000000000000000000001e000000000000001e000000000000001e0000000000002cc79ebd91a0631452f4,0000000000000000,0,0,0,"_","_"
183,7,0,0002a5f5e77f,000000000000000000000000000000000000000000000000000000000000001e000000000000001e000000000000001e0000000000002cc79ebd91a0631452f4,0000000000000000,0,0,0,"_","_"
184,0,0,0002a6764385,000000000000000000000000000000000000000000000000530e000000000000530e00000000000080feff3a200000000060dd86a1010331530cd3e473ff3333,0000000000000000,0,0,0,"_","_"
185,1,1,0002a6764386,80fe0000000090360087d3e473ff0100000000000000000002ffa10103feff31530e00000000000080feff3a200000000060dd86a1010331530cd3e473ff3333,ffffffffffffffff,0,1,0,"Active","Stream Beat"
186,2,0,0002a6764387,00000000000000000000000000000000000000000000001e000000000000001e0000000000006559551ca1010331530c0101d3e473fefffb9002000000000000,00000000003fffff,0,1,1,"Active","Last Stream"
187,3,0,0002a6764388,000000000000000000000000000000000000000000000000000000000000001e000000000000001e0000000000006559551ca1010331530c0101d3e473fefffb,0000000000000000,0,0,0,"_","_"
188,4,0,0002a6764389,000000000000000000000000000000000000000000000000000000000000001e000000000000001e0000000000006559551ca1010331530c0101d3e473fefffb,0000000000000000,0,0,0,"_","_"
189,5,0,0002a676438a,000000000000000000000000000000000000000000000000000000000000001e000000000000001e0000000000006559551ca1010331530c0101d3e473fefffb,0000000000000000,0,0,0,"_","_"
190,6,0,0002a676438b,000000000000000000000000000000000000000000000000000000000000001e000000000000001e0000000000006559551ca1010331530c0101d3e473fefffb,0000000000000000,0,0,0,"_","_"
191,7,0,0002a676438c,000000000000000000000000000000000000000000000000000000000000001e000000000000001e0000000000006559551ca1010331530c0101d3e473fefffb,0000000000000000,0,0,0,"_","_"
192,0,0,0002b90209ea,00000000000000000000000000000000000000000000000002ffa10003feff31530e00000000000080feff3a200000000060dd86a1000331530cd3e473ff3333,0000000000000000,0,0,0,"_","_"
193,1,1,0002b90209eb,80fe0000000090380087d3e473ff0100000000000000000002ffa10003feff31530e00000000000080feff3a200000000060dd86a1000331530cd3e473ff3333,ffffffffffffffff,0,1,0,"Active","Stream Beat"
194,2,0,0002b90209ec,000000000000001e000000000000001e000000000000001e000000000000001e000000000000c70598a3a1000331530c0101d3e473fefffb9002000000000000,00000000003fffff,0,1,1,"Active","Last Stream"
195,3,0,0002b90209ed,000000000000000000000000000000000000000000000000000000000000001e000000000000001e000000000000001e000000000000001e000000000000c705,0000000000000000,0,0,0,"_","_"
196,4,0,0002b90209ee,000000000000000000000000000000000000000000000000000000000000001e000000000000001e000000000000001e000000000000001e000000000000c705,0000000000000000,0,0,0,"_","_"
197,5,0,0002b90209ef,000000000000000000000000000000000000000000000000000000000000001e000000000000001e000000000000001e000000000000001e000000000000c705,0000000000000000,0,0,0,"_","_"
198,6,0,0002b90209f0,000000000000000000000000000000000000000000000000000000000000001e000000000000001e000000000000001e000000000000001e000000000000c705,0000000000000000,0,0,0,"_","_"
199,7,0,0002b90209f1,000000000000000000000000000000000000000000000000000000000000001e000000000000001e000000000000001e000000000000001e000000000000c705,0000000000000000,0,0,0,"_","_"
200,0,0,0002b90389b2,00000000000000000000000000000000000000000000000002ffa10003feff31530e00000000000080feff3a200000000060dd86a1000331530cd3e473ff3333,0000000000000000,0,0,0,"_","_"
201,1,1,0002b90389b3,80fe0000000090380087d3e473ff0100000000000000000002ffa10003feff31530e00000000000080feff3a200000000060dd86a1000331530cd3e473ff3333,ffffffffffffffff,0,1,0,"Active","Stream Beat"
202,2,0,0002b90389b4,0000000000000000000000000000001e000000000000001e000000000000001e000000000000c70598a3a1000331530c0101d3e473fefffb9002000000000000,00000000003fffff,0,1,1,"Active","Last Stream"
203,3,0,0002b90389b5,000000000000000000000000000000000000000000000000000000000000001e000000000000001e000000000000001e000000000000c70598a3a1000331530c,0000000000000000,0,0,0,"_","_"
204,4,0,0002b90389b6,000000000000000000000000000000000000000000000000000000000000001e000000000000001e000000000000001e000000000000c70598a3a1000331530c,0000000000000000,0,0,0,"_","_"
205,5,0,0002b90389b7,000000000000000000000000000000000000000000000000000000000000001e000000000000001e000000000000001e000000000000c70598a3a1000331530c,0000000000000000,0,0,0,"_","_"
206,6,0,0002b90389b8,000000000000000000000000000000000000000000000000000000000000001e000000000000001e000000000000001e000000000000c70598a3a1000331530c,0000000000000000,0,0,0,"_","_"
207,7,0,0002b90389b9,000000000000000000000000000000000000000000000000000000000000001e000000000000001e000000000000001e000000000000c70598a3a1000331530c,0000000000000000,0,0,0,"_","_"
208,0,0,0002b9058031,00000000000000000000000000000000000000000000000002ff410003feff31530e00000000000080feff3a200000000060dd8641000331530cd3e473ff3333,0000000000000000,0,0,0,"_","_"
209,1,1,0002b9058032,80fe0000000050390087d3e473ff0100000000000000000002ff410003feff31530e00000000000080feff3a200000000060dd8641000331530cd3e473ff3333,ffffffffffffffff,0,1,0,"Active","Stream Beat"
210,2,0,0002b9058033,0000000000000000000000000000001e000000000000001e000000000000001e00000000000056f53d5041000331530c0101d3e473fefffb9002000000000000,00000000003fffff,0,1,1,"Active","Last Stream"
211,3,0,0002b9058034,000000000000000000000000000000000000000000000000000000000000001e000000000000001e000000000000001e00000000000056f53d5041000331530c,0000000000000000,0,0,0,"_","_"
212,4,0,0002b9058035,000000000000000000000000000000000000000000000000000000000000001e000000000000001e000000000000001e00000000000056f53d5041000331530c,0000000000000000,0,0,0,"_","_"
213,5,0,0002b9058036,000000000000000000000000000000000000000000000000000000000000001e000000000000001e000000000000001e00000000000056f53d5041000331530c,0000000000000000,0,0,0,"_","_"
214,6,0,0002b9058037,000000000000000000000000000000000000000000000000000000000000001e000000000000001e000000000000001e00000000000056f53d5041000331530c,0000000000000000,0,0,0,"_","_"
215,7,0,0002b9058038,000000000000000000000000000000000000000000000000000000000000001e000000000000001e000000000000001e00000000000056f53d5041000331530c,0000000000000000,0,0,0,"_","_"
216,0,0,0002b906f4b2,00000000000000000000000000000000000000000000000080feff3a200000000060dd864100033180feff3a200000000060dd8641000331530cd3e473ff3333,0000000000000000,0,0,0,"_","_"
217,1,1,0002b906f4b3,80fe0000000050390087d3e473ff0100000000000000000002ff410003feff31530e00000000000080feff3a200000000060dd8641000331530cd3e473ff3333,ffffffffffffffff,0,1,0,"Active","Stream Beat"
218,2,0,0002b906f4b4,000000000000000000000000000000000000000000000000000000000000001e00000000000056f53d5041000331530c0101d3e473fefffb9002000000000000,00000000003fffff,0,1,1,"Active","Last Stream"
219,3,0,0002b906f4b5,000000000000000000000000000000000000000000000000000000000000001e00000000000056f53d5041000331530c0101d3e473fefffb9002000000000000,0000000000000000,0,0,0,"_","_"
220,4,0,0002b906f4b6,000000000000000000000000000000000000000000000000000000000000001e00000000000056f53d5041000331530c0101d3e473fefffb9002000000000000,0000000000000000,0,0,0,"_","_"
221,5,0,0002b906f4b7,000000000000000000000000000000000000000000000000000000000000001e00000000000056f53d5041000331530c0101d3e473fefffb9002000000000000,0000000000000000,0,0,0,"_","_"
222,6,0,0002b906f4b8,000000000000000000000000000000000000000000000000000000000000001e00000000000056f53d5041000331530c0101d3e473fefffb9002000000000000,0000000000000000,0,0,0,"_","_"
223,7,0,0002b906f4b9,000000000000000000000000000000000000000000000000000000000000001e00000000000056f53d5041000331530c0101d3e473fefffb9002000000000000,0000000000000000,0,0,0,"_","_"
224,0,0,0002b93466e2,000000000000000000000000000000000000000000000000530e000000000000530e00000000000080feff3a200000000060dd8661010331530cd3e473ff3333,0000000000000000,0,0,0,"_","_"
225,1,1,0002b93466e3,80fe0000000010370087d3e473ff0100000000000000000002ff610103feff31530e00000000000080feff3a200000000060dd8661010331530cd3e473ff3333,ffffffffffffffff,0,1,0,"Active","Stream Beat"
226,2,0,0002b93466e4,00000000000000000000000000000000000000000000001e000000000000001e0000000000000223cd3861010331530c0101d3e473fefffb9002000000000000,00000000003fffff,0,1,1,"Active","Last Stream"
227,3,0,0002b93466e5,000000000000000000000000000000000000000000000000000000000000001e000000000000001e0000000000000223cd3861010331530c0101d3e473fefffb,0000000000000000,0,0,0,"_","_"
228,4,0,0002b93466e6,000000000000000000000000000000000000000000000000000000000000001e000000000000001e0000000000000223cd3861010331530c0101d3e473fefffb,0000000000000000,0,0,0,"_","_"
229,5,0,0002b93466e7,000000000000000000000000000000000000000000000000000000000000001e000000000000001e0000000000000223cd3861010331530c0101d3e473fefffb,0000000000000000,0,0,0,"_","_"
230,6,0,0002b93466e8,000000000000000000000000000000000000000000000000000000000000001e000000000000001e0000000000000223cd3861010331530c0101d3e473fefffb,0000000000000000,0,0,0,"_","_"
231,7,0,0002b93466e9,000000000000000000000000000000000000000000000000000000000000001e000000000000001e0000000000000223cd3861010331530c0101d3e473fefffb,0000000000000000,0,0,0,"_","_"
232,0,0,0002b93ca239,00000000000000000087d3e473ff0100000000000000000002ff810103feff31530e00000000000080feff3a200000000060dd8681010331530cd3e473ff3333,0000000000000000,0,0,0,"_","_"
233,1,1,0002b93ca23a,80fe00000000d0360087d3e473ff0100000000000000000002ff810103feff31530e00000000000080feff3a200000000060dd8681010331530cd3e473ff3333,ffffffffffffffff,0,1,0,"Active","Stream Beat"
234,2,0,0002b93ca23b,00000000000093d368cb81010331530c0101d3e473fefffb900200000000000080fe00000000d03668cb81010331530c0101d3e473fefffb9002000000000000,00000000003fffff,0,1,1,"Active","Last Stream"
235,3,0,0002b93ca23c,00000000000000000000000000000000000000000000000000000000000093d368cb81010331530c0101d3e473fefffb900200000000000080fe00000000d036,0000000000000000,0,0,0,"_","_"
236,4,0,0002b93ca23d,00000000000000000000000000000000000000000000000000000000000093d368cb81010331530c0101d3e473fefffb900200000000000080fe00000000d036,0000000000000000,0,0,0,"_","_"
237,5,0,0002b93ca23e,00000000000000000000000000000000000000000000000000000000000093d368cb81010331530c0101d3e473fefffb900200000000000080fe00000000d036,0000000000000000,0,0,0,"_","_"
238,6,0,0002b93ca23f,00000000000000000000000000000000000000000000000000000000000093d368cb81010331530c0101d3e473fefffb900200000000000080fe00000000d036,0000000000000000,0,0,0,"_","_"
239,7,0,0002b93ca240,00000000000000000000000000000000000000000000000000000000000093d368cb81010331530c0101d3e473fefffb900200000000000080fe00000000d036,0000000000000000,0,0,0,"_","_"
240,0,0,0002b94b4c7d,00000000000000000000000000000000000000000000000002ffc10003feff31530e00000000000080feff3a200000000060dd86c1000331530cd3e473ff3333,0000000000000000,0,0,0,"_","_"
241,1,1,0002b94b4c7e,80fe0000000050380087d3e473ff0100000000000000000002ffc10003feff31530e00000000000080feff3a200000000060dd86c1000331530cd3e473ff3333,ffffffffffffffff,0,1,0,"Active","Stream Beat"
242,2,0,0002b94b4c7f,0000000000000000000000000000001e000000000000001e000000000000001e00000000000007ead89bc1000331530c0101d3e473fefffb9002000000000000,00000000003fffff,0,1,1,"Active","Last Stream"
243,3,0,0002b94b4c80,000000000000000000000000000000000000000000000000000000000000001e000000000000001e000000000000001e00000000000007ead89bc1000331530c,0000000000000000,0,0,0,"_","_"
244,4,0,0002b94b4c81,000000000000000000000000000000000000000000000000000000000000001e000000000000001e000000000000001e00000000000007ead89bc1000331530c,0000000000000000,0,0,0,"_","_"
245,5,0,0002b94b4c82,000000000000000000000000000000000000000000000000000000000000001e000000000000001e000000000000001e00000000000007ead89bc1000331530c,0000000000000000,0,0,0,"_","_"
246,6,0,0002b94b4c83,000000000000000000000000000000000000000000000000000000000000001e000000000000001e000000000000001e00000000000007ead89bc1000331530c,0000000000000000,0,0,0,"_","_"
247,7,0,0002b94b4c84,000000000000000000000000000000000000000000000000000000000000001e000000000000001e000000000000001e00000000000007ead89bc1000331530c,0000000000000000,0,0,0,"_","_"
248,0,0,0002b94cad75,00000000000000000087d3e473ff0100000000000000000002ffc10003feff31530e00000000000080feff3a200000000060dd86c1000331530cd3e473ff3333,0000000000000000,0,0,0,"_","_"
249,1,1,0002b94cad76,80fe0000000050380087d3e473ff0100000000000000000002ffc10003feff31530e00000000000080feff3a200000000060dd86c1000331530cd3e473ff3333,ffffffffffffffff,0,1,0,"Active","Stream Beat"
250,2,0,0002b94cad77,00000000000007ead89bc1000331530c0101d3e473fefffb900200000000000080fe000000005038d89bc1000331530c0101d3e473fefffb9002000000000000,00000000003fffff,0,1,1,"Active","Last Stream"
251,3,0,0002b94cad78,00000000000000000000000000000000000000000000000000000000000007ead89bc1000331530c0101d3e473fefffb900200000000000080fe000000005038,0000000000000000,0,0,0,"_","_"
252,4,0,0002b94cad79,00000000000000000000000000000000000000000000000000000000000007ead89bc1000331530c0101d3e473fefffb900200000000000080fe000000005038,0000000000000000,0,0,0,"_","_"
253,5,0,0002b94cad7a,00000000000000000000000000000000000000000000000000000000000007ead89bc1000331530c0101d3e473fefffb900200000000000080fe000000005038,0000000000000000,0,0,0,"_","_"
254,6,0,0002b94cad7b,00000000000000000000000000000000000000000000000000000000000007ead89bc1000331530c0101d3e473fefffb900200000000000080fe000000005038,0000000000000000,0,0,0,"_","_"
255,7,0,0002b94cad7c,00000000000000000000000000000000000000000000000000000000000007ead89bc1000331530c0101d3e473fefffb900200000000000080fe000000005038,0000000000000000,0,0,0,"_","_"
256,0,0,0002b99eaaf0,00000000000000000000000000000000000000000000000052f600000000000052f600000000000080feff3a200000000060dd8691a0631452f4d3e473ff3333,0000000000000000,0,0,0,"_","_"
257,1,1,0002b99eaaf1,80fe00000000ef610087d3e473ff0100000000000000000002ff91a063feff1452f600000000000080feff3a200000000060dd8691a0631452f4d3e473ff3333,ffffffffffffffff,0,1,0,"Active","Stream Beat"
258,2,0,0002b99eaaf2,00000000000000000000000000000000000000000000001e000000000000001e0000000000002cc79ebd91a0631452f40101d3e473fefffb9002000000000000,00000000003fffff,0,1,1,"Active","Last Stream"
259,3,0,0002b99eaaf3,000000000000000000000000000000000000000000000000000000000000001e000000000000001e0000000000002cc79ebd91a0631452f40101d3e473fefffb,0000000000000000,0,0,0,"_","_"
260,4,0,0002b99eaaf4,000000000000000000000000000000000000000000000000000000000000001e000000000000001e0000000000002cc79ebd91a0631452f40101d3e473fefffb,0000000000000000,0,0,0,"_","_"
261,5,0,0002b99eaaf5,000000000000000000000000000000000000000000000000000000000000001e000000000000001e0000000000002cc79ebd91a0631452f40101d3e473fefffb,0000000000000000,0,0,0,"_","_"
262,6,0,0002b99eaaf6,000000000000000000000000000000000000000000000000000000000000001e000000000000001e0000000000002cc79ebd91a0631452f40101d3e473fefffb,0000000000000000,0,0,0,"_","_"
263,7,0,0002b99eaaf7,000000000000000000000000000000000000000000000000000000000000001e000000000000001e0000000000002cc79ebd91a0631452f40101d3e473fefffb,0000000000000000,0,0,0,"_","_"
264,0,0,0002b9a13287,00000000000000000087d3e473ff0100000000000000000002ff91a063feff1452f600000000000080feff3a200000000060dd8691a0631452f4d3e473ff3333,0000000000000000,0,0,0,"_","_"
265,1,1,0002b9a13288,80fe00000000ef610087d3e473ff0100000000000000000002ff91a063feff1452f600000000000080feff3a200000000060dd8691a0631452f4d3e473ff3333,ffffffffffffffff,0,1,0,"Active","Stream Beat"
266,2,0,0002b9a13289,0000000000002cc79ebd91a0631452f40101d3e473fefffb900200000000000080fe00000000ef619ebd91a0631452f40101d3e473fefffb9002000000000000,00000000003fffff,0,1,1,"Active","Last Stream"
267,3,0,0002b9a1328a,0000000000000000000000000000000000000000000000000000000000002cc79ebd91a0631452f40101d3e473fefffb900200000000000080fe00000000ef61,0000000000000000,0,0,0,"_","_"
268,4,0,0002b9a1328b,0000000000000000000000000000000000000000000000000000000000002cc79ebd91a0631452f40101d3e473fefffb900200000000000080fe00000000ef61,0000000000000000,0,0,0,"_","_"
269,5,0,0002b9a1328c,0000000000000000000000000000000000000000000000000000000000002cc79ebd91a0631452f40101d3e473fefffb900200000000000080fe00000000ef61,0000000000000000,0,0,0,"_","_"
270,6,0,0002b9a1328d,0000000000000000000000000000000000000000000000000000000000002cc79ebd91a0631452f40101d3e473fefffb900200000000000080fe00000000ef61,0000000000000000,0,0,0,"_","_"
271,7,0,0002b9a1328e,0000000000000000000000000000000000000000000000000000000000002cc79ebd91a0631452f40101d3e473fefffb900200000000000080fe00000000ef61,0000000000000000,0,0,0,"_","_"
272,0,0,0002ba219185,00000000000000000000000000000000000000000000000002ffa10103feff31530e00000000000080feff3a200000000060dd86a1010331530cd3e473ff3333,0000000000000000,0,0,0,"_","_"
273,1,1,0002ba219186,80fe0000000090360087d3e473ff0100000000000000000002ffa10103feff31530e00000000000080feff3a200000000060dd86a1010331530cd3e473ff3333,ffffffffffffffff,0,1,0,"Active","Stream Beat"
274,2,0,0002ba219187,000000000000001e000000000000001e000000000000001e000000000000001e0000000000006559551ca1010331530c0101d3e473fefffb9002000000000000,00000000003fffff,0,1,1,"Active","Last Stream"
275,3,0,0002ba219188,000000000000000000000000000000000000000000000000000000000000001e000000000000001e000000000000001e000000000000001e0000000000006559,0000000000000000,0,0,0,"_","_"
276,4,0,0002ba219189,000000000000000000000000000000000000000000000000000000000000001e000000000000001e000000000000001e000000000000001e0000000000006559,0000000000000000,0,0,0,"_","_"
277,5,0,0002ba21918a,000000000000000000000000000000000000000000000000000000000000001e000000000000001e000000000000001e000000000000001e0000000000006559,0000000000000000,0,0,0,"_","_"
278,6,0,0002ba21918b,000000000000000000000000000000000000000000000000000000000000001e000000000000001e000000000000001e000000000000001e0000000000006559,0000000000000000,0,0,0,"_","_"
279,7,0,0002ba21918c,000000000000000000000000000000000000000000000000000000000000001e000000000000001e000000000000001e000000000000001e0000000000006559,0000000000000000,0,0,0,"_","_"
280,0,0,0002f77d3078,0000000000000000000000000000000000000000000000009002000000000000900200000000000080fe013a4000cf850a60dd86d3e473fb9000010000003333,0000000000000000,0,0,0,"_","_"
281,1,1,0002f77d3079,45f601006a3622130080010000000000000000000000000002ffd3e473fefffb900200000000000080fe013a4000cf850a60dd86d3e473fb9000010000003333,ffffffffffffffff,0,1,0,"Active","Stream Beat"
282,2,0,0002f77d307a,0000000000000000000000000000000031302f2e2d2c2b2a292827262524232221201f1e1d1c1b1a19181716151413121110000000000004196b000000006932,0000000000000000,0,0,0,"_","_"
283,3,0,0002f77d307b,0000000000006dd7450537363534333231302f2e2d2c2b2a292827262524232221201f1e1d1c1b1a19181716151413121110000000000004196b000000006932,003fffffffffffff,0,1,1,"Active","Last Stream"
284,4,0,0002f77d307c,000000000000000000000000000000000000000000000000000000000000001e000000000000001e000000000000001e0000000000006dd74505373635343332,0000000000000000,0,0,0,"_","_"
285,5,0,0002f77d307d,000000000000000000000000000000000000000000000000000000000000001e000000000000001e000000000000001e0000000000006dd74505373635343332,0000000000000000,0,0,0,"_","_"
286,6,0,0002f77d307e,000000000000000000000000000000000000000000000000000000000000001e000000000000001e000000000000001e0000000000006dd74505373635343332,0000000000000000,0,0,0,"_","_"
287,7,0,0002f77d307f,000000000000000000000000000000000000000000000000000000000000001e000000000000001e000000000000001e0000000000006dd74505373635343332,0000000000000000,0,0,0,"_","_"
288,0,0,0002f77d510f,000000000000000000000000000000000000000000000000530e000000000000530e00000000000080feff3a200000000060dd8641000331530cd3e473ff3333,0000000000000000,0,0,0,"_","_"
289,1,1,0002f77d5110,80fe0000000050390087d3e473ff0100000000000000000002ff410003feff31530e00000000000080feff3a200000000060dd8641000331530cd3e473ff3333,ffffffffffffffff,0,1,0,"Active","Stream Beat"
290,2,0,0002f77d5111,00000000000000000000000000000000000000000000001e000000000000001e00000000000056f53d5041000331530c0101d3e473fefffb9002000000000000,00000000003fffff,0,1,1,"Active","Last Stream"
291,3,0,0002f77d5112,000000000000000000000000000000000000000000000000000000000000001e000000000000001e00000000000056f53d5041000331530c0101d3e473fefffb,0000000000000000,0,0,0,"_","_"
292,4,0,0002f77d5113,000000000000000000000000000000000000000000000000000000000000001e000000000000001e00000000000056f53d5041000331530c0101d3e473fefffb,0000000000000000,0,0,0,"_","_"
293,5,0,0002f77d5114,000000000000000000000000000000000000000000000000000000000000001e000000000000001e00000000000056f53d5041000331530c0101d3e473fefffb,0000000000000000,0,0,0,"_","_"
294,6,0,0002f77d5115,000000000000000000000000000000000000000000000000000000000000001e000000000000001e00000000000056f53d5041000331530c0101d3e473fefffb,0000000000000000,0,0,0,"_","_"
295,7,0,0002f77d5116,000000000000000000000000000000000000000000000000000000000000001e000000000000001e00000000000056f53d5041000331530c0101d3e473fefffb,0000000000000000,0,0,0,"_","_"
296,0,0,0002f77d5bfa,00000000000000000000000000000000000000000000000080feff3a200000000060dd86a100033180feff3a200000000060dd86a1000331530cd3e473ff3333,0000000000000000,0,0,0,"_","_"
297,1,1,0002f77d5bfb,80fe0000000090380087d3e473ff0100000000000000000002ffa10003feff31530e00000000000080feff3a200000000060dd86a1000331530cd3e473ff3333,ffffffffffffffff,0,1,0,"Active","Stream Beat"
298,2,0,0002f77d5bfc,000000000000000000000000000000000000000000000000000000000000001e000000000000c70598a3a1000331530c0101d3e473fefffb9002000000000000,00000000003fffff,0,1,1,"Active","Last Stream"
299,3,0,0002f77d5bfd,000000000000000000000000000000000000000000000000000000000000001e000000000000c70598a3a1000331530c0101d3e473fefffb9002000000000000,0000000000000000,0,0,0,"_","_"
300,4,0,0002f77d5bfe,000000000000000000000000000000000000000000000000000000000000001e000000000000c70598a3a1000331530c0101d3e473fefffb9002000000000000,0000000000000000,0,0,0,"_","_"
301,5,0,0002f77d5bff,000000000000000000000000000000000000000000000000000000000000001e000000000000c70598a3a1000331530c0101d3e473fefffb9002000000000000,0000000000000000,0,0,0,"_","_"
302,6,0,0002f77d5c00,000000000000000000000000000000000000000000000000000000000000001e000000000000c70598a3a1000331530c0101d3e473fefffb9002000000000000,0000000000000000,0,0,0,"_","_"
303,7,0,0002f77d5c01,000000000000000000000000000000000000000000000000000000000000001e000000000000c70598a3a1000331530c0101d3e473fefffb9002000000000000,0000000000000000,0,0,0,"_","_"
304,0,0,0002f77d6491,00000000000000000087d3e473ff0100000000000000000002ffc10003feff31530e00000000000080feff3a200000000060dd86c1000331530cd3e473ff3333,0000000000000000,0,0,0,"_","_"
305,1,1,0002f77d6492,80fe0000000050380087d3e473ff0100000000000000000002ffc10003feff31530e00000000000080feff3a200000000060dd86c1000331530cd3e473ff3333,ffffffffffffffff,0,1,0,"Active","Stream Beat"
306,2,0,0002f77d6493,00000000000007ead89bc1000331530c0101d3e473fefffb900200000000000080fe000000005038d89bc1000331530c0101d3e473fefffb9002000000000000,00000000003fffff,0,1,1,"Active","Last Stream"
307,3,0,0002f77d6494,00000000000000000000000000000000000000000000000000000000000007ead89bc1000331530c0101d3e473fefffb900200000000000080fe000000005038,0000000000000000,0,0,0,"_","_"
308,4,0,0002f77d6495,00000000000000000000000000000000000000000000000000000000000007ead89bc1000331530c0101d3e473fefffb900200000000000080fe000000005038,0000000000000000,0,0,0,"_","_"
309,5,0,0002f77d6496,00000000000000000000000000000000000000000000000000000000000007ead89bc1000331530c0101d3e473fefffb900200000000000080fe000000005038,0000000000000000,0,0,0,"_","_"
310,6,0,0002f77d6497,00000000000000000000000000000000000000000000000000000000000007ead89bc1000331530c0101d3e473fefffb900200000000000080fe000000005038,0000000000000000,0,0,0,"_","_"
311,7,0,0002f77d6498,00000000000000000000000000000000000000000000000000000000000007ead89bc1000331530c0101d3e473fefffb900200000000000080fe000000005038,0000000000000000,0,0,0,"_","_"
312,0,0,0002f77d76e1,00000000000000000087d3e473ff0100000000000000000002ff610103feff31530e00000000000080feff3a200000000060dd8661010331530cd3e473ff3333,0000000000000000,0,0,0,"_","_"
313,1,1,0002f77d76e2,80fe0000000010370087d3e473ff0100000000000000000002ff610103feff31530e00000000000080feff3a200000000060dd8661010331530cd3e473ff3333,ffffffffffffffff,0,1,0,"Active","Stream Beat"
314,2,0,0002f77d76e3,0000000000000223cd3861010331530c0101d3e473fefffb900200000000000080fe000000001037cd3861010331530c0101d3e473fefffb9002000000000000,00000000003fffff,0,1,1,"Active","Last Stream"
315,3,0,0002f77d76e4,0000000000000000000000000000000000000000000000000000000000000223cd3861010331530c0101d3e473fefffb900200000000000080fe000000001037,0000000000000000,0,0,0,"_","_"
316,4,0,0002f77d76e5,0000000000000000000000000000000000000000000000000000000000000223cd3861010331530c0101d3e473fefffb900200000000000080fe000000001037,0000000000000000,0,0,0,"_","_"
317,5,0,0002f77d76e6,0000000000000000000000000000000000000000000000000000000000000223cd3861010331530c0101d3e473fefffb900200000000000080fe000000001037,0000000000000000,0,0,0,"_","_"
318,6,0,0002f77d76e7,0000000000000000000000000000000000000000000000000000000000000223cd3861010331530c0101d3e473fefffb900200000000000080fe000000001037,0000000000000000,0,0,0,"_","_"
319,7,0,0002f77d76e8,0000000000000000000000000000000000000000000000000000000000000223cd3861010331530c0101d3e473fefffb900200000000000080fe000000001037,0000000000000000,0,0,0,"_","_"
320,0,0,0002f77d77d8,000000000000000000000000000000000000000000000000530e000000000000530e00000000000080feff3a200000000060dd86a1010331530cd3e473ff3333,0000000000000000,0,0,0,"_","_"
321,1,1,0002f77d77d9,80fe0000000090360087d3e473ff0100000000000000000002ffa10103feff31530e00000000000080feff3a200000000060dd86a1010331530cd3e473ff3333,ffffffffffffffff,0,1,0,"Active","Stream Beat"
322,2,0,0002f77d77da,00000000000000000000000000000000000000000000001e000000000000001e0000000000006559551ca1010331530c0101d3e473fefffb9002000000000000,00000000003fffff,0,1,1,"Active","Last Stream"
323,3,0,0002f77d77db,000000000000000000000000000000000000000000000000000000000000001e000000000000001e0000000000006559551ca1010331530c0101d3e473fefffb,0000000000000000,0,0,0,"_","_"
324,4,0,0002f77d77dc,000000000000000000000000000000000000000000000000000000000000001e000000000000001e0000000000006559551ca1010331530c0101d3e473fefffb,0000000000000000,0,0,0,"_","_"
325,5,0,0002f77d77dd,000000000000000000000000000000000000000000000000000000000000001e000000000000001e0000000000006559551ca1010331530c0101d3e473fefffb,0000000000000000,0,0,0,"_","_"
326,6,0,0002f77d77de,000000000000000000000000000000000000000000000000000000000000001e000000000000001e0000000000006559551ca1010331530c0101d3e473fefffb,0000000000000000,0,0,0,"_","_"
327,7,0,0002f77d77df,000000000000000000000000000000000000000000000000000000000000001e000000000000001e0000000000006559551ca1010331530c0101d3e473fefffb,0000000000000000,0,0,0,"_","_"
328,0,0,0002f77d787e,00000000000000000000000000000000000000000000000080feff3a200000000060dd868101033180feff3a200000000060dd8681010331530cd3e473ff3333,0000000000000000,0,0,0,"_","_"
329,1,1,0002f77d787f,80fe00000000d0360087d3e473ff0100000000000000000002ff810103feff31530e00000000000080feff3a200000000060dd8681010331530cd3e473ff3333,ffffffffffffffff,0,1,0,"Active","Stream Beat"
330,2,0,0002f77d7880,000000000000000000000000000000000000000000000000000000000000001e00000000000093d368cb81010331530c0101d3e473fefffb9002000000000000,00000000003fffff,0,1,1,"Active","Last Stream"
331,3,0,0002f77d7881,000000000000000000000000000000000000000000000000000000000000001e00000000000093d368cb81010331530c0101d3e473fefffb9002000000000000,0000000000000000,0,0,0,"_","_"
332,4,0,0002f77d7882,000000000000000000000000000000000000000000000000000000000000001e00000000000093d368cb81010331530c0101d3e473fefffb9002000000000000,0000000000000000,0,0,0,"_","_"
333,5,0,0002f77d7883,000000000000000000000000000000000000000000000000000000000000001e00000000000093d368cb81010331530c0101d3e473fefffb9002000000000000,0000000000000000,0,0,0,"_","_"
334,6,0,0002f77d7884,000000000000000000000000000000000000000000000000000000000000001e00000000000093d368cb81010331530c0101d3e473fefffb9002000000000000,0000000000000000,0,0,0,"_","_"
335,7,0,0002f77d7885,000000000000000000000000000000000000000000000000000000000000001e00000000000093d368cb81010331530c0101d3e473fefffb9002000000000000,0000000000000000,0,0,0,"_","_"
336,0,0,0002f77da720,00000000000000000000000000000000000000000000000052f600000000000052f600000000000080feff3a200000000060dd8691a0631452f4d3e473ff3333,0000000000000000,0,0,0,"_","_"
337,1,1,0002f77da721,80fe00000000ef610087d3e473ff0100000000000000000002ff91a063feff1452f600000000000080feff3a200000000060dd8691a0631452f4d3e473ff3333,ffffffffffffffff,0,1,0,"Active","Stream Beat"
338,2,0,0002f77da722,00000000000000000000000000000000000000000000001e000000000000001e0000000000002cc79ebd91a0631452f40101d3e473fefffb9002000000000000,00000000003fffff,0,1,1,"Active","Last Stream"
339,3,0,0002f77da723,000000000000000000000000000000000000000000000000000000000000001e000000000000001e0000000000002cc79ebd91a0631452f40101d3e473fefffb,0000000000000000,0,0,0,"_","_"
340,4,0,0002f77da724,000000000000000000000000000000000000000000000000000000000000001e000000000000001e0000000000002cc79ebd91a0631452f40101d3e473fefffb,0000000000000000,0,0,0,"_","_"
341,5,0,0002f77da725,000000000000000000000000000000000000000000000000000000000000001e000000000000001e0000000000002cc79ebd91a0631452f40101d3e473fefffb,0000000000000000,0,0,0,"_","_"
342,6,0,0002f77da726,000000000000000000000000000000000000000000000000000000000000001e000000000000001e0000000000002cc79ebd91a0631452f40101d3e473fefffb,0000000000000000,0,0,0,"_","_"
343,7,0,0002f77da727,000000000000000000000000000000000000000000000000000000000000001e000000000000001e0000000000002cc79ebd91a0631452f40101d3e473fefffb,0000000000000000,0,0,0,"_","_"
344,0,0,0002f77eef32,00000000000000000000000000000000000000000000000002ff410003feff31530e00000000000080feff3a200000000060dd8641000331530cd3e473ff3333,0000000000000000,0,0,0,"_","_"
345,1,1,0002f77eef33,80fe0000000050390087d3e473ff0100000000000000000002ff410003feff31530e00000000000080feff3a200000000060dd8641000331530cd3e473ff3333,ffffffffffffffff,0,1,0,"Active","Stream Beat"
346,2,0,0002f77eef34,0000000000000000000000000000001e000000000000001e000000000000001e00000000000056f53d5041000331530c0101d3e473fefffb9002000000000000,00000000003fffff,0,1,1,"Active","Last Stream"
347,3,0,0002f77eef35,000000000000000000000000000000000000000000000000000000000000001e000000000000001e000000000000001e00000000000056f53d5041000331530c,0000000000000000,0,0,0,"_","_"
348,4,0,0002f77eef36,000000000000000000000000000000000000000000000000000000000000001e000000000000001e000000000000001e00000000000056f53d5041000331530c,0000000000000000,0,0,0,"_","_"
349,5,0,0002f77eef37,000000000000000000000000000000000000000000000000000000000000001e000000000000001e000000000000001e00000000000056f53d5041000331530c,0000000000000000,0,0,0,"_","_"
350,6,0,0002f77eef38,000000000000000000000000000000000000000000000000000000000000001e000000000000001e000000000000001e00000000000056f53d5041000331530c,0000000000000000,0,0,0,"_","_"
351,7,0,0002f77eef39,000000000000000000000000000000000000000000000000000000000000001e000000000000001e000000000000001e00000000000056f53d5041000331530c,0000000000000000,0,0,0,"_","_"
352,0,0,0002f77f5548,00000000000000000000000000000000000000000000000080feff3a200000000060dd86a100033180feff3a200000000060dd86a1000331530cd3e473ff3333,0000000000000000,0,0,0,"_","_"
353,1,1,0002f77f5549,80fe0000000090380087d3e473ff0100000000000000000002ffa10003feff31530e00000000000080feff3a200000000060dd86a1000331530cd3e473ff3333,ffffffffffffffff,0,1,0,"Active","Stream Beat"
354,2,0,0002f77f554a,000000000000000000000000000000000000000000000000000000000000001e000000000000c70598a3a1000331530c0101d3e473fefffb9002000000000000,00000000003fffff,0,1,1,"Active","Last Stream"
355,3,0,0002f77f554b,000000000000000000000000000000000000000000000000000000000000001e000000000000c70598a3a1000331530c0101d3e473fefffb9002000000000000,0000000000000000,0,0,0,"_","_"
356,4,0,0002f77f554c,000000000000000000000000000000000000000000000000000000000000001e000000000000c70598a3a1000331530c0101d3e473fefffb9002000000000000,0000000000000000,0,0,0,"_","_"
357,5,0,0002f77f554d,000000000000000000000000000000000000000000000000000000000000001e000000000000c70598a3a1000331530c0101d3e473fefffb9002000000000000,0000000000000000,0,0,0,"_","_"
358,6,0,0002f77f554e,000000000000000000000000000000000000000000000000000000000000001e000000000000c70598a3a1000331530c0101d3e473fefffb9002000000000000,0000000000000000,0,0,0,"_","_"
359,7,0,0002f77f554f,000000000000000000000000000000000000000000000000000000000000001e000000000000c70598a3a1000331530c0101d3e473fefffb9002000000000000,0000000000000000,0,0,0,"_","_"
360,0,0,0002f77fa20e,00000000000000000000000000000000000000000000000080feff3a200000000060dd86c100033180feff3a200000000060dd86c1000331530cd3e473ff3333,0000000000000000,0,0,0,"_","_"
361,1,1,0002f77fa20f,80fe0000000050380087d3e473ff0100000000000000000002ffc10003feff31530e00000000000080feff3a200000000060dd86c1000331530cd3e473ff3333,ffffffffffffffff,0,1,0,"Active","Stream Beat"
362,2,0,0002f77fa210,000000000000000000000000000000000000000000000000000000000000001e00000000000007ead89bc1000331530c0101d3e473fefffb9002000000000000,00000000003fffff,0,1,1,"Active","Last Stream"
363,3,0,0002f77fa211,000000000000000000000000000000000000000000000000000000000000001e00000000000007ead89bc1000331530c0101d3e473fefffb9002000000000000,0000000000000000,0,0,0,"_","_"
364,4,0,0002f77fa212,000000000000000000000000000000000000000000000000000000000000001e00000000000007ead89bc1000331530c0101d3e473fefffb9002000000000000,0000000000000000,0,0,0,"_","_"
365,5,0,0002f77fa213,000000000000000000000000000000000000000000000000000000000000001e00000000000007ead89bc1000331530c0101d3e473fefffb9002000000000000,0000000000000000,0,0,0,"_","_"
366,6,0,0002f77fa214,000000000000000000000000000000000000000000000000000000000000001e00000000000007ead89bc1000331530c0101d3e473fefffb9002000000000000,0000000000000000,0,0,0,"_","_"
367,7,0,0002f77fa215,000000000000000000000000000000000000000000000000000000000000001e00000000000007ead89bc1000331530c0101d3e473fefffb9002000000000000,0000000000000000,0,0,0,"_","_"
368,0,0,0002f77fedd4,00000000000000000000000000000000000000000000000002ff91a063feff1452f600000000000080feff3a200000000060dd8691a0631452f4d3e473ff3333,0000000000000000,0,0,0,"_","_"
369,1,1,0002f77fedd5,80fe00000000ef610087d3e473ff0100000000000000000002ff91a063feff1452f600000000000080feff3a200000000060dd8691a0631452f4d3e473ff3333,ffffffffffffffff,0,1,0,"Active","Stream Beat"
370,2,0,0002f77fedd6,0000000000000000000000000000001e000000000000001e000000000000001e0000000000002cc79ebd91a0631452f40101d3e473fefffb9002000000000000,00000000003fffff,0,1,1,"Active","Last Stream"
371,3,0,0002f77fedd7,000000000000000000000000000000000000000000000000000000000000001e000000000000001e000000000000001e0000000000002cc79ebd91a0631452f4,0000000000000000,0,0,0,"_","_"
372,4,0,0002f77fedd8,000000000000000000000000000000000000000000000000000000000000001e000000000000001e000000000000001e0000000000002cc79ebd91a0631452f4,0000000000000000,0,0,0,"_","_"
373,5,0,0002f77fedd9,000000000000000000000000000000000000000000000000000000000000001e000000000000001e000000000000001e0000000000002cc79ebd91a0631452f4,0000000000000000,0,0,0,"_","_"
374,6,0,0002f77fedda,000000000000000000000000000000000000000000000000000000000000001e000000000000001e000000000000001e0000000000002cc79ebd91a0631452f4,0000000000000000,0,0,0,"_","_"
375,7,0,0002f77feddb,000000000000000000000000000000000000000000000000000000000000001e000000000000001e000000000000001e0000000000002cc79ebd91a0631452f4,0000000000000000,0,0,0,"_","_"
376,0,0,00030ac1912b,00000000000000000000000000000000000000000000000002ff91a063feff1452f600000000000080feff3a200000000060dd8691a0631452f4d3e473ff3333,0000000000000000,0,0,0,"_","_"
377,1,1,00030ac1912c,80fe00000000ef610087d3e473ff0100000000000000000002ff91a063feff1452f600000000000080feff3a200000000060dd8691a0631452f4d3e473ff3333,ffffffffffffffff,0,1,0,"Active","Stream Beat"
378,2,0,00030ac1912d,000000000000001e000000000000001e000000000000001e000000000000001e0000000000002cc79ebd91a0631452f40101d3e473fefffb9002000000000000,00000000003fffff,0,1,1,"Active","Last Stream"
379,3,0,00030ac1912e,000000000000000000000000000000000000000000000000000000000000001e000000000000001e000000000000001e000000000000001e0000000000002cc7,0000000000000000,0,0,0,"_","_"
380,4,0,00030ac1912f,000000000000000000000000000000000000000000000000000000000000001e000000000000001e000000000000001e000000000000001e0000000000002cc7,0000000000000000,0,0,0,"_","_"
381,5,0,00030ac19130,000000000000000000000000000000000000000000000000000000000000001e000000000000001e000000000000001e000000000000001e0000000000002cc7,0000000000000000,0,0,0,"_","_"
382,6,0,00030ac19131,000000000000000000000000000000000000000000000000000000000000001e000000000000001e000000000000001e000000000000001e0000000000002cc7,0000000000000000,0,0,0,"_","_"
383,7,0,00030ac19132,000000000000000000000000000000000000000000000000000000000000001e000000000000001e000000000000001e000000000000001e0000000000002cc7,0000000000000000,0,0,0,"_","_"
384,0,0,00030ac259c4,00000000000000000000000000000000000000000000000002ffa10003feff31530e00000000000080feff3a200000000060dd86a1000331530cd3e473ff3333,0000000000000000,0,0,0,"_","_"
385,1,1,00030ac259c5,80fe0000000090380087d3e473ff0100000000000000000002ffa10003feff31530e00000000000080feff3a200000000060dd86a1000331530cd3e473ff3333,ffffffffffffffff,0,1,0,"Active","Stream Beat"
386,2,0,00030ac259c6,0000000000000000000000000000001e000000000000001e000000000000001e000000000000c70598a3a1000331530c0101d3e473fefffb9002000000000000,00000000003fffff,0,1,1,"Active","Last Stream"
387,3,0,00030ac259c7,000000000000000000000000000000000000000000000000000000000000001e000000000000001e000000000000001e000000000000c70598a3a1000331530c,0000000000000000,0,0,0,"_","_"
388,4,0,00030ac259c8,000000000000000000000000000000000000000000000000000000000000001e000000000000001e000000000000001e000000000000c70598a3a1000331530c,0000000000000000,0,0,0,"_","_"
389,5,0,00030ac259c9,000000000000000000000000000000000000000000000000000000000000001e000000000000001e000000000000001e000000000000c70598a3a1000331530c,0000000000000000,0,0,0,"_","_"
390,6,0,00030ac259ca,000000000000000000000000000000000000000000000000000000000000001e000000000000001e000000000000001e000000000000c70598a3a1000331530c,0000000000000000,0,0,0,"_","_"
391,7,0,00030ac259cb,000000000000000000000000000000000000000000000000000000000000001e000000000000001e000000000000001e000000000000c70598a3a1000331530c,0000000000000000,0,0,0,"_","_"
392,0,0,00030ac3dbc1,00000000000000000000000000000000000000000000000002ff91a063feff1452f600000000000080feff3a200000000060dd8691a0631452f4d3e473ff3333,0000000000000000,0,0,0,"_","_"
393,1,1,00030ac3dbc2,80fe00000000ef610087d3e473ff0100000000000000000002ff91a063feff1452f600000000000080feff3a200000000060dd8691a0631452f4d3e473ff3333,ffffffffffffffff,0,1,0,"Active","Stream Beat"
394,2,0,00030ac3dbc3,0000000000000000000000000000001e000000000000001e000000000000001e0000000000002cc79ebd91a0631452f40101d3e473fefffb9002000000000000,00000000003fffff,0,1,1,"Active","Last Stream"
395,3,0,00030ac3dbc4,000000000000000000000000000000000000000000000000000000000000001e000000000000001e000000000000001e0000000000002cc79ebd91a0631452f4,0000000000000000,0,0,0,"_","_"
396,4,0,00030ac3dbc5,000000000000000000000000000000000000000000000000000000000000001e000000000000001e000000000000001e0000000000002cc79ebd91a0631452f4,0000000000000000,0,0,0,"_","_"
397,5,0,00030ac3dbc6,000000000000000000000000000000000000000000000000000000000000001e000000000000001e000000000000001e0000000000002cc79ebd91a0631452f4,0000000000000000,0,0,0,"_","_"
398,6,0,00030ac3dbc7,000000000000000000000000000000000000000000000000000000000000001e000000000000001e000000000000001e0000000000002cc79ebd91a0631452f4,0000000000000000,0,0,0,"_","_"
399,7,0,00030ac3dbc8,000000000000000000000000000000000000000000000000000000000000001e000000000000001e000000000000001e0000000000002cc79ebd91a0631452f4,0000000000000000,0,0,0,"_","_"
400,0,0,00030ac43c0e,00000000000000000000000000000000000000000000000002ffa10003feff31530e00000000000080feff3a200000000060dd86a1000331530cd3e473ff3333,0000000000000000,0,0,0,"_","_"
401,1,1,00030ac43c0f,80fe0000000090380087d3e473ff0100000000000000000002ffa10003feff31530e00000000000080feff3a200000000060dd86a1000331530cd3e473ff3333,ffffffffffffffff,0,1,0,"Active","Stream Beat"
402,2,0,00030ac43c10,0000000000000000000000000000001e000000000000001e000000000000001e000000000000c70598a3a1000331530c0101d3e473fefffb9002000000000000,00000000003fffff,0,1,1,"Active","Last Stream"
403,3,0,00030ac43c11,000000000000000000000000000000000000000000000000000000000000001e000000000000001e000000000000001e000000000000c70598a3a1000331530c,0000000000000000,0,0,0,"_","_"
404,4,0,00030ac43c12,000000000000000000000000000000000000000000000000000000000000001e000000000000001e000000000000001e000000000000c70598a3a1000331530c,0000000000000000,0,0,0,"_","_"
405,5,0,00030ac43c13,000000000000000000000000000000000000000000000000000000000000001e000000000000001e000000000000001e000000000000c70598a3a1000331530c,0000000000000000,0,0,0,"_","_"
406,6,0,00030ac43c14,000000000000000000000000000000000000000000000000000000000000001e000000000000001e000000000000001e000000000000c70598a3a1000331530c,0000000000000000,0,0,0,"_","_"
407,7,0,00030ac43c15,000000000000000000000000000000000000000000000000000000000000001e000000000000001e000000000000001e000000000000c70598a3a1000331530c,0000000000000000,0,0,0,"_","_"
408,0,0,00030ac5cf00,00000000000000000000000000000000000000000000000080feff3a200000000060dd864100033180feff3a200000000060dd8641000331530cd3e473ff3333,0000000000000000,0,0,0,"_","_"
409,1,1,00030ac5cf01,80fe0000000050390087d3e473ff0100000000000000000002ff410003feff31530e00000000000080feff3a200000000060dd8641000331530cd3e473ff3333,ffffffffffffffff,0,1,0,"Active","Stream Beat"
410,2,0,00030ac5cf02,000000000000000000000000000000000000000000000000000000000000001e00000000000056f53d5041000331530c0101d3e473fefffb9002000000000000,00000000003fffff,0,1,1,"Active","Last Stream"
411,3,0,00030ac5cf03,000000000000000000000000000000000000000000000000000000000000001e00000000000056f53d5041000331530c0101d3e473fefffb9002000000000000,0000000000000000,0,0,0,"_","_"
412,4,0,00030ac5cf04,000000000000000000000000000000000000000000000000000000000000001e00000000000056f53d5041000331530c0101d3e473fefffb9002000000000000,0000000000000000,0,0,0,"_","_"
413,5,0,00030ac5cf05,000000000000000000000000000000000000000000000000000000000000001e00000000000056f53d5041000331530c0101d3e473fefffb9002000000000000,0000000000000000,0,0,0,"_","_"
414,6,0,00030ac5cf06,000000000000000000000000000000000000000000000000000000000000001e00000000000056f53d5041000331530c0101d3e473fefffb9002000000000000,0000000000000000,0,0,0,"_","_"
415,7,0,00030ac5cf07,000000000000000000000000000000000000000000000000000000000000001e00000000000056f53d5041000331530c0101d3e473fefffb9002000000000000,0000000000000000,0,0,0,"_","_"
416,0,0,00030ac777d1,00000000000000000087d3e473ff0100000000000000000002ff410003feff31530e00000000000080feff3a200000000060dd8641000331530cd3e473ff3333,0000000000000000,0,0,0,"_","_"
417,1,1,00030ac777d2,80fe0000000050390087d3e473ff0100000000000000000002ff410003feff31530e00000000000080feff3a200000000060dd8641000331530cd3e473ff3333,ffffffffffffffff,0,1,0,"Active","Stream Beat"
418,2,0,00030ac777d3,00000000000056f53d5041000331530c0101d3e473fefffb900200000000000080fe0000000050393d5041000331530c0101d3e473fefffb9002000000000000,00000000003fffff,0,1,1,"Active","Last Stream"
419,3,0,00030ac777d4,00000000000000000000000000000000000000000000000000000000000056f53d5041000331530c0101d3e473fefffb900200000000000080fe000000005039,0000000000000000,0,0,0,"_","_"
420,4,0,00030ac777d5,00000000000000000000000000000000000000000000000000000000000056f53d5041000331530c0101d3e473fefffb900200000000000080fe000000005039,0000000000000000,0,0,0,"_","_"
421,5,0,00030ac777d6,00000000000000000000000000000000000000000000000000000000000056f53d5041000331530c0101d3e473fefffb900200000000000080fe000000005039,0000000000000000,0,0,0,"_","_"
422,6,0,00030ac777d7,00000000000000000000000000000000000000000000000000000000000056f53d5041000331530c0101d3e473fefffb900200000000000080fe000000005039,0000000000000000,0,0,0,"_","_"
423,7,0,00030ac777d8,00000000000000000000000000000000000000000000000000000000000056f53d5041000331530c0101d3e473fefffb900200000000000080fe000000005039,0000000000000000,0,0,0,"_","_"
424,0,0,00030b0b9be5,00000000000000000087d3e473ff0100000000000000000002ffc10003feff31530e00000000000080feff3a200000000060dd86c1000331530cd3e473ff3333,0000000000000000,0,0,0,"_","_"
425,1,1,00030b0b9be6,80fe0000000050380087d3e473ff0100000000000000000002ffc10003feff31530e00000000000080feff3a200000000060dd86c1000331530cd3e473ff3333,ffffffffffffffff,0,1,0,"Active","Stream Beat"
426,2,0,00030b0b9be7,00000000000007ead89bc1000331530c0101d3e473fefffb900200000000000080fe000000005038d89bc1000331530c0101d3e473fefffb9002000000000000,00000000003fffff,0,1,1,"Active","Last Stream"
427,3,0,00030b0b9be8,00000000000000000000000000000000000000000000000000000000000007ead89bc1000331530c0101d3e473fefffb900200000000000080fe000000005038,0000000000000000,0,0,0,"_","_"
428,4,0,00030b0b9be9,00000000000000000000000000000000000000000000000000000000000007ead89bc1000331530c0101d3e473fefffb900200000000000080fe000000005038,0000000000000000,0,0,0,"_","_"
429,5,0,00030b0b9bea,00000000000000000000000000000000000000000000000000000000000007ead89bc1000331530c0101d3e473fefffb900200000000000080fe000000005038,0000000000000000,0,0,0,"_","_"
430,6,0,00030b0b9beb,00000000000000000000000000000000000000000000000000000000000007ead89bc1000331530c0101d3e473fefffb900200000000000080fe000000005038,0000000000000000,0,0,0,"_","_"
431,7,0,00030b0b9bec,00000000000000000000000000000000000000000000000000000000000007ead89bc1000331530c0101d3e473fefffb900200000000000080fe000000005038,0000000000000000,0,0,0,"_","_"
432,0,0,00030b0d6462,00000000000000000000000000000000000000000000000002ffc10003feff31530e00000000000080feff3a200000000060dd86c1000331530cd3e473ff3333,0000000000000000,0,0,0,"_","_"
433,1,1,00030b0d6463,80fe0000000050380087d3e473ff0100000000000000000002ffc10003feff31530e00000000000080feff3a200000000060dd86c1000331530cd3e473ff3333,ffffffffffffffff,0,1,0,"Active","Stream Beat"
434,2,0,00030b0d6464,0000000000000000000000000000001e000000000000001e000000000000001e00000000000007ead89bc1000331530c0101d3e473fefffb9002000000000000,00000000003fffff,0,1,1,"Active","Last Stream"
435,3,0,00030b0d6465,000000000000000000000000000000000000000000000000000000000000001e000000000000001e000000000000001e00000000000007ead89bc1000331530c,0000000000000000,0,0,0,"_","_"
436,4,0,00030b0d6466,000000000000000000000000000000000000000000000000000000000000001e000000000000001e000000000000001e00000000000007ead89bc1000331530c,0000000000000000,0,0,0,"_","_"
437,5,0,00030b0d6467,000000000000000000000000000000000000000000000000000000000000001e000000000000001e000000000000001e00000000000007ead89bc1000331530c,0000000000000000,0,0,0,"_","_"
438,6,0,00030b0d6468,000000000000000000000000000000000000000000000000000000000000001e000000000000001e000000000000001e00000000000007ead89bc1000331530c,0000000000000000,0,0,0,"_","_"
439,7,0,00030b0d6469,000000000000000000000000000000000000000000000000000000000000001e000000000000001e000000000000001e00000000000007ead89bc1000331530c,0000000000000000,0,0,0,"_","_"
440,0,0,00030b449746,00000000000000000000000000000000000000000000000080feff3a200000000060dd86a101033180feff3a200000000060dd86a1010331530cd3e473ff3333,0000000000000000,0,0,0,"_","_"
441,1,1,00030b449747,80fe0000000090360087d3e473ff0100000000000000000002ffa10103feff31530e00000000000080feff3a200000000060dd86a1010331530cd3e473ff3333,ffffffffffffffff,0,1,0,"Active","Stream Beat"
442,2,0,00030b449748,000000000000000000000000000000000000000000000000000000000000001e0000000000006559551ca1010331530c0101d3e473fefffb9002000000000000,00000000003fffff,0,1,1,"Active","Last Stream"
443,3,0,00030b449749,000000000000000000000000000000000000000000000000000000000000001e0000000000006559551ca1010331530c0101d3e473fefffb9002000000000000,0000000000000000,0,0,0,"_","_"
444,4,0,00030b44974a,000000000000000000000000000000000000000000000000000000000000001e0000000000006559551ca1010331530c0101d3e473fefffb9002000000000000,0000000000000000,0,0,0,"_","_"
445,5,0,00030b44974b,000000000000000000000000000000000000000000000000000000000000001e0000000000006559551ca1010331530c0101d3e473fefffb9002000000000000,0000000000000000,0,0,0,"_","_"
446,6,0,00030b44974c,000000000000000000000000000000000000000000000000000000000000001e0000000000006559551ca1010331530c0101d3e473fefffb9002000000000000,0000000000000000,0,0,0,"_","_"
447,7,0,00030b44974d,000000000000000000000000000000000000000000000000000000000000001e0000000000006559551ca1010331530c0101d3e473fefffb9002000000000000,0000000000000000,0,0,0,"_","_"
448,0,0,00030b9221e6,00000000000000000087d3e473ff0100000000000000000002ff610103feff31530e00000000000080feff3a200000000060dd8661010331530cd3e473ff3333,0000000000000000,0,0,0,"_","_"
449,1,1,00030b9221e7,80fe0000000010370087d3e473ff0100000000000000000002ff610103feff31530e00000000000080feff3a200000000060dd8661010331530cd3e473ff3333,ffffffffffffffff,0,1,0,"Active","Stream Beat"
450,2,0,00030b9221e8,0000000000000223cd3861010331530c0101d3e473fefffb900200000000000080fe000000001037cd3861010331530c0101d3e473fefffb9002000000000000,00000000003fffff,0,1,1,"Active","Last Stream"
451,3,0,00030b9221e9,0000000000000000000000000000000000000000000000000000000000000223cd3861010331530c0101d3e473fefffb900200000000000080fe000000001037,0000000000000000,0,0,0,"_","_"
452,4,0,00030b9221ea,0000000000000000000000000000000000000000000000000000000000000223cd3861010331530c0101d3e473fefffb900200000000000080fe000000001037,0000000000000000,0,0,0,"_","_"
453,5,0,00030b9221eb,0000000000000000000000000000000000000000000000000000000000000223cd3861010331530c0101d3e473fefffb900200000000000080fe000000001037,0000000000000000,0,0,0,"_","_"
454,6,0,00030b9221ec,0000000000000000000000000000000000000000000000000000000000000223cd3861010331530c0101d3e473fefffb900200000000000080fe000000001037,0000000000000000,0,0,0,"_","_"
455,7,0,00030b9221ed,0000000000000000000000000000000000000000000000000000000000000223cd3861010331530c0101d3e473fefffb900200000000000080fe000000001037,0000000000000000,0,0,0,"_","_"
456,0,0,00030b9a5d95,00000000000000000087d3e473ff0100000000000000000002ff810103feff31530e00000000000080feff3a200000000060dd8681010331530cd3e473ff3333,0000000000000000,0,0,0,"_","_"
457,1,1,00030b9a5d96,80fe00000000d0360087d3e473ff0100000000000000000002ff810103feff31530e00000000000080feff3a200000000060dd8681010331530cd3e473ff3333,ffffffffffffffff,0,1,0,"Active","Stream Beat"
458,2,0,00030b9a5d97,00000000000093d368cb81010331530c0101d3e473fefffb900200000000000080fe00000000d03668cb81010331530c0101d3e473fefffb9002000000000000,00000000003fffff,0,1,1,"Active","Last Stream"
459,3,0,00030b9a5d98,00000000000000000000000000000000000000000000000000000000000093d368cb81010331530c0101d3e473fefffb900200000000000080fe00000000d036,0000000000000000,0,0,0,"_","_"
460,4,0,00030b9a5d99,00000000000000000000000000000000000000000000000000000000000093d368cb81010331530c0101d3e473fefffb900200000000000080fe00000000d036,0000000000000000,0,0,0,"_","_"
461,5,0,00030b9a5d9a,00000000000000000000000000000000000000000000000000000000000093d368cb81010331530c0101d3e473fefffb900200000000000080fe00000000d036,0000000000000000,0,0,0,"_","_"
462,6,0,00030b9a5d9b,00000000000000000000000000000000000000000000000000000000000093d368cb81010331530c0101d3e473fefffb900200000000000080fe00000000d036,0000000000000000,0,0,0,"_","_"
463,7,0,00030b9a5d9c,00000000000000000000000000000000000000000000000000000000000093d368cb81010331530c0101d3e473fefffb900200000000000080fe00000000d036,0000000000000000,0,0,0,"_","_"
464,0,0,00031e6ceac0,00000000000000000000000000000000000000000000000002ff91a063feff1452f600000000000080feff3a200000000060dd8691a0631452f4d3e473ff3333,0000000000000000,0,0,0,"_","_"
465,1,1,00031e6ceac1,80fe00000000ef610087d3e473ff0100000000000000000002ff91a063feff1452f600000000000080feff3a200000000060dd8691a0631452f4d3e473ff3333,ffffffffffffffff,0,1,0,"Active","Stream Beat"
466,2,0,00031e6ceac2,0000000000000000000000000000001e000000000000001e000000000000001e0000000000002cc79ebd91a0631452f40101d3e473fefffb9002000000000000,00000000003fffff,0,1,1,"Active","Last Stream"
467,3,0,00031e6ceac3,000000000000000000000000000000000000000000000000000000000000001e000000000000001e000000000000001e0000000000002cc79ebd91a0631452f4,0000000000000000,0,0,0,"_","_"
468,4,0,00031e6ceac4,000000000000000000000000000000000000000000000000000000000000001e000000000000001e000000000000001e0000000000002cc79ebd91a0631452f4,0000000000000000,0,0,0,"_","_"
469,5,0,00031e6ceac5,000000000000000000000000000000000000000000000000000000000000001e000000000000001e000000000000001e0000000000002cc79ebd91a0631452f4,0000000000000000,0,0,0,"_","_"
470,6,0,00031e6ceac6,000000000000000000000000000000000000000000000000000000000000001e000000000000001e000000000000001e0000000000002cc79ebd91a0631452f4,0000000000000000,0,0,0,"_","_"
471,7,0,00031e6ceac7,000000000000000000000000000000000000000000000000000000000000001e000000000000001e000000000000001e0000000000002cc79ebd91a0631452f4,0000000000000000,0,0,0,"_","_"
472,0,0,00031e6dbf82,00000000000000000087d3e473ff0100000000000000000002ffa10003feff31530e00000000000080feff3a200000000060dd86a1000331530cd3e473ff3333,0000000000000000,0,0,0,"_","_"
473,1,1,00031e6dbf83,80fe0000000090380087d3e473ff0100000000000000000002ffa10003feff31530e00000000000080feff3a200000000060dd86a1000331530cd3e473ff3333,ffffffffffffffff,0,1,0,"Active","Stream Beat"
474,2,0,00031e6dbf84,000000000000c70598a3a1000331530c0101d3e473fefffb900200000000000080fe00000000903898a3a1000331530c0101d3e473fefffb9002000000000000,00000000003fffff,0,1,1,"Active","Last Stream"
475,3,0,00031e6dbf85,000000000000000000000000000000000000000000000000000000000000c70598a3a1000331530c0101d3e473fefffb900200000000000080fe000000009038,0000000000000000,0,0,0,"_","_"
476,4,0,00031e6dbf86,000000000000000000000000000000000000000000000000000000000000c70598a3a1000331530c0101d3e473fefffb900200000000000080fe000000009038,0000000000000000,0,0,0,"_","_"
477,5,0,00031e6dbf87,000000000000000000000000000000000000000000000000000000000000c70598a3a1000331530c0101d3e473fefffb900200000000000080fe000000009038,0000000000000000,0,0,0,"_","_"
478,6,0,00031e6dbf88,000000000000000000000000000000000000000000000000000000000000c70598a3a1000331530c0101d3e473fefffb900200000000000080fe000000009038,0000000000000000,0,0,0,"_","_"
479,7,0,00031e6dbf89,000000000000000000000000000000000000000000000000000000000000c70598a3a1000331530c0101d3e473fefffb900200000000000080fe000000009038,0000000000000000,0,0,0,"_","_"
480,0,0,00031e6fdf57,00000000000000000000000000000000000000000000000002ff91a063feff1452f600000000000080feff3a200000000060dd8691a0631452f4d3e473ff3333,0000000000000000,0,0,0,"_","_"
481,1,1,00031e6fdf58,80fe00000000ef610087d3e473ff0100000000000000000002ff91a063feff1452f600000000000080feff3a200000000060dd8691a0631452f4d3e473ff3333,ffffffffffffffff,0,1,0,"Active","Stream Beat"
482,2,0,00031e6fdf59,0000000000000000000000000000001e000000000000001e000000000000001e0000000000002cc79ebd91a0631452f40101d3e473fefffb9002000000000000,00000000003fffff,0,1,1,"Active","Last Stream"
483,3,0,00031e6fdf5a,000000000000000000000000000000000000000000000000000000000000001e000000000000001e000000000000001e0000000000002cc79ebd91a0631452f4,0000000000000000,0,0,0,"_","_"
484,4,0,00031e6fdf5b,000000000000000000000000000000000000000000000000000000000000001e000000000000001e000000000000001e0000000000002cc79ebd91a0631452f4,0000000000000000,0,0,0,"_","_"
485,5,0,00031e6fdf5c,000000000000000000000000000000000000000000000000000000000000001e000000000000001e000000000000001e0000000000002cc79ebd91a0631452f4,0000000000000000,0,0,0,"_","_"
486,6,0,00031e6fdf5d,000000000000000000000000000000000000000000000000000000000000001e000000000000001e000000000000001e0000000000002cc79ebd91a0631452f4,0000000000000000,0,0,0,"_","_"
487,7,0,00031e6fdf5e,000000000000000000000000000000000000000000000000000000000000001e000000000000001e000000000000001e0000000000002cc79ebd91a0631452f4,0000000000000000,0,0,0,"_","_"
488,0,0,00031e7042ee,00000000000000000087d3e473ff0100000000000000000002ffa10003feff31530e00000000000080feff3a200000000060dd86a1000331530cd3e473ff3333,0000000000000000,0,0,0,"_","_"
489,1,1,00031e7042ef,80fe0000000090380087d3e473ff0100000000000000000002ffa10003feff31530e00000000000080feff3a200000000060dd86a1000331530cd3e473ff3333,ffffffffffffffff,0,1,0,"Active","Stream Beat"
490,2,0,00031e7042f0,000000000000c70598a3a1000331530c0101d3e473fefffb900200000000000080fe00000000903898a3a1000331530c0101d3e473fefffb9002000000000000,00000000003fffff,0,1,1,"Active","Last Stream"
491,3,0,00031e7042f1,000000000000000000000000000000000000000000000000000000000000c70598a3a1000331530c0101d3e473fefffb900200000000000080fe000000009038,0000000000000000,0,0,0,"_","_"
492,4,0,00031e7042f2,000000000000000000000000000000000000000000000000000000000000c70598a3a1000331530c0101d3e473fefffb900200000000000080fe000000009038,0000000000000000,0,0,0,"_","_"
493,5,0,00031e7042f3,000000000000000000000000000000000000000000000000000000000000c70598a3a1000331530c0101d3e473fefffb900200000000000080fe000000009038,0000000000000000,0,0,0,"_","_"
494,6,0,00031e7042f4,000000000000000000000000000000000000000000000000000000000000c70598a3a1000331530c0101d3e473fefffb900200000000000080fe000000009038,0000000000000000,0,0,0,"_","_"
495,7,0,00031e7042f5,000000000000000000000000000000000000000000000000000000000000c70598a3a1000331530c0101d3e473fefffb900200000000000080fe000000009038,0000000000000000,0,0,0,"_","_"
496,0,0,00031e713216,000000000000000000000000000000000000000000000000530e000000000000530e00000000000080feff3a200000000060dd8641000331530cd3e473ff3333,0000000000000000,0,0,0,"_","_"
497,1,1,00031e713217,80fe0000000050390087d3e473ff0100000000000000000002ff410003feff31530e00000000000080feff3a200000000060dd8641000331530cd3e473ff3333,ffffffffffffffff,0,1,0,"Active","Stream Beat"
498,2,0,00031e713218,00000000000000000000000000000000000000000000001e000000000000001e00000000000056f53d5041000331530c0101d3e473fefffb9002000000000000,00000000003fffff,0,1,1,"Active","Last Stream"
499,3,0,00031e713219,000000000000000000000000000000000000000000000000000000000000001e000000000000001e00000000000056f53d5041000331530c0101d3e473fefffb,0000000000000000,0,0,0,"_","_"
500,4,0,00031e71321a,000000000000000000000000000000000000000000000000000000000000001e000000000000001e00000000000056f53d5041000331530c0101d3e473fefffb,0000000000000000,0,0,0,"_","_"
501,5,0,00031e71321b,000000000000000000000000000000000000000000000000000000000000001e000000000000001e00000000000056f53d5041000331530c0101d3e473fefffb,0000000000000000,0,0,0,"_","_"
502,6,0,00031e71321c,000000000000000000000000000000000000000000000000000000000000001e000000000000001e00000000000056f53d5041000331530c0101d3e473fefffb,0000000000000000,0,0,0,"_","_"
503,7,0,00031e71321d,000000000000000000000000000000000000000000000000000000000000001e000000000000001e00000000000056f53d5041000331530c0101d3e473fefffb,0000000000000000,0,0,0,"_","_"
504,0,0,00031e71ab69,000000000000000000000000000000000000000000000000530e000000000000530e00000000000080feff3a200000000060dd8641000331530cd3e473ff3333,0000000000000000,0,0,0,"_","_"
505,1,1,00031e71ab6a,80fe0000000050390087d3e473ff0100000000000000000002ff410003feff31530e00000000000080feff3a200000000060dd8641000331530cd3e473ff3333,ffffffffffffffff,0,1,0,"Active","Stream Beat"
506,2,0,00031e71ab6b,00000000000000000000000000000000000000000000001e000000000000001e00000000000056f53d5041000331530c0101d3e473fefffb9002000000000000,00000000003fffff,0,1,1,"Active","Last Stream"
507,3,0,00031e71ab6c,000000000000000000000000000000000000000000000000000000000000001e000000000000001e00000000000056f53d5041000331530c0101d3e473fefffb,0000000000000000,0,0,0,"_","_"
508,4,0,00031e71ab6d,000000000000000000000000000000000000000000000000000000000000001e000000000000001e00000000000056f53d5041000331530c0101d3e473fefffb,0000000000000000,0,0,0,"_","_"
509,5,0,00031e71ab6e,000000000000000000000000000000000000000000000000000000000000001e000000000000001e00000000000056f53d5041000331530c0101d3e473fefffb,0000000000000000,0,0,0,"_","_"
510,6,0,00031e71ab6f,000000000000000000000000000000000000000000000000000000000000001e000000000000001e00000000000056f53d5041000331530c0101d3e473fefffb,0000000000000000,0,0,0,"_","_"
511,7,0,00031e71ab70,000000000000000000000000000000000000000000000000000000000000001e000000000000001e00000000000056f53d5041000331530c0101d3e473fefffb,0000000000000000,0,0,0,"_","_"
512,0,0,00031eb6fff1,00000000000000000000000000000000000000000000000002ffc10003feff31530e00000000000080feff3a200000000060dd86c1000331530cd3e473ff3333,0000000000000000,0,0,0,"_","_"
513,1,1,00031eb6fff2,80fe0000000050380087d3e473ff0100000000000000000002ffc10003feff31530e00000000000080feff3a200000000060dd86c1000331530cd3e473ff3333,ffffffffffffffff,0,1,0,"Active","Stream Beat"
514,2,0,00031eb6fff3,000000000000001e000000000000001e000000000000001e000000000000001e00000000000007ead89bc1000331530c0101d3e473fefffb9002000000000000,00000000003fffff,0,1,1,"Active","Last Stream"
515,3,0,00031eb6fff4,000000000000000000000000000000000000000000000000000000000000001e000000000000001e000000000000001e000000000000001e00000000000007ea,0000000000000000,0,0,0,"_","_"
516,4,0,00031eb6fff5,000000000000000000000000000000000000000000000000000000000000001e000000000000001e000000000000001e000000000000001e00000000000007ea,0000000000000000,0,0,0,"_","_"
517,5,0,00031eb6fff6,000000000000000000000000000000000000000000000000000000000000001e000000000000001e000000000000001e000000000000001e00000000000007ea,0000000000000000,0,0,0,"_","_"
518,6,0,00031eb6fff7,000000000000000000000000000000000000000000000000000000000000001e000000000000001e000000000000001e000000000000001e00000000000007ea,0000000000000000,0,0,0,"_","_"
519,7,0,00031eb6fff8,000000000000000000000000000000000000000000000000000000000000001e000000000000001e000000000000001e000000000000001e00000000000007ea,0000000000000000,0,0,0,"_","_"
520,0,0,00031eb80c8e,00000000000000000000000000000000000000000000000002ffc10003feff31530e00000000000080feff3a200000000060dd86c1000331530cd3e473ff3333,0000000000000000,0,0,0,"_","_"
521,1,1,00031eb80c8f,80fe0000000050380087d3e473ff0100000000000000000002ffc10003feff31530e00000000000080feff3a200000000060dd86c1000331530cd3e473ff3333,ffffffffffffffff,0,1,0,"Active","Stream Beat"
522,2,0,00031eb80c90,0000000000000000000000000000001e000000000000001e000000000000001e00000000000007ead89bc1000331530c0101d3e473fefffb9002000000000000,00000000003fffff,0,1,1,"Active","Last Stream"
523,3,0,00031eb80c91,000000000000000000000000000000000000000000000000000000000000001e000000000000001e000000000000001e00000000000007ead89bc1000331530c,0000000000000000,0,0,0,"_","_"
524,4,0,00031eb80c92,000000000000000000000000000000000000000000000000000000000000001e000000000000001e000000000000001e00000000000007ead89bc1000331530c,0000000000000000,0,0,0,"_","_"
525,5,0,00031eb80c93,000000000000000000000000000000000000000000000000000000000000001e000000000000001e000000000000001e00000000000007ead89bc1000331530c,0000000000000000,0,0,0,"_","_"
526,6,0,00031eb80c94,000000000000000000000000000000000000000000000000000000000000001e000000000000001e000000000000001e00000000000007ead89bc1000331530c,0000000000000000,0,0,0,"_","_"
527,7,0,00031eb80c95,000000000000000000000000000000000000000000000000000000000000001e000000000000001e000000000000001e00000000000007ead89bc1000331530c,0000000000000000,0,0,0,"_","_"
528,0,0,00031eefe838,00000000000000000087d3e473ff0100000000000000000002ffa10103feff31530e00000000000080feff3a200000000060dd86a1010331530cd3e473ff3333,0000000000000000,0,0,0,"_","_"
529,1,1,00031eefe839,80fe0000000090360087d3e473ff0100000000000000000002ffa10103feff31530e00000000000080feff3a200000000060dd86a1010331530cd3e473ff3333,ffffffffffffffff,0,1,0,"Active","Stream Beat"
530,2,0,00031eefe83a,0000000000006559551ca1010331530c0101d3e473fefffb900200000000000080fe000000009036551ca1010331530c0101d3e473fefffb9002000000000000,00000000003fffff,0,1,1,"Active","Last Stream"
531,3,0,00031eefe83b,0000000000000000000000000000000000000000000000000000000000006559551ca1010331530c0101d3e473fefffb900200000000000080fe000000009036,0000000000000000,0,0,0,"_","_"
532,4,0,00031eefe83c,0000000000000000000000000000000000000000000000000000000000006559551ca1010331530c0101d3e473fefffb900200000000000080fe000000009036,0000000000000000,0,0,0,"_","_"
533,5,0,00031eefe83d,0000000000000000000000000000000000000000000000000000000000006559551ca1010331530c0101d3e473fefffb900200000000000080fe000000009036,0000000000000000,0,0,0,"_","_"
534,6,0,00031eefe83e,0000000000000000000000000000000000000000000000000000000000006559551ca1010331530c0101d3e473fefffb900200000000000080fe000000009036,0000000000000000,0,0,0,"_","_"
535,7,0,00031eefe83f,0000000000000000000000000000000000000000000000000000000000006559551ca1010331530c0101d3e473fefffb900200000000000080fe000000009036,0000000000000000,0,0,0,"_","_"
536,0,0,00031f3d72fd,00000000000000000000000000000000000000000000000002ff610103feff31530e00000000000080feff3a200000000060dd8661010331530cd3e473ff3333,0000000000000000,0,0,0,"_","_"
537,1,1,00031f3d72fe,80fe0000000010370087d3e473ff0100000000000000000002ff610103feff31530e00000000000080feff3a200000000060dd8661010331530cd3e473ff3333,ffffffffffffffff,0,1,0,"Active","Stream Beat"
538,2,0,00031f3d72ff,000000000000001e000000000000001e000000000000001e000000000000001e0000000000000223cd3861010331530c0101d3e473fefffb9002000000000000,00000000003fffff,0,1,1,"Active","Last Stream"
539,3,0,00031f3d7300,000000000000000000000000000000000000000000000000000000000000001e000000000000001e000000000000001e000000000000001e0000000000000223,0000000000000000,0,0,0,"_","_"
540,4,0,00031f3d7301,000000000000000000000000000000000000000000000000000000000000001e000000000000001e000000000000001e000000000000001e0000000000000223,0000000000000000,0,0,0,"_","_"
541,5,0,00031f3d7302,000000000000000000000000000000000000000000000000000000000000001e000000000000001e000000000000001e000000000000001e0000000000000223,0000000000000000,0,0,0,"_","_"
542,6,0,00031f3d7303,000000000000000000000000000000000000000000000000000000000000001e000000000000001e000000000000001e000000000000001e0000000000000223,0000000000000000,0,0,0,"_","_"
543,7,0,00031f3d7304,000000000000000000000000000000000000000000000000000000000000001e000000000000001e000000000000001e000000000000001e0000000000000223,0000000000000000,0,0,0,"_","_"
544,0,0,00031f45ac15,00000000000000000000000000000000000000000000000002ff810103feff31530e00000000000080feff3a200000000060dd8681010331530cd3e473ff3333,0000000000000000,0,0,0,"_","_"
545,1,1,00031f45ac16,80fe00000000d0360087d3e473ff0100000000000000000002ff810103feff31530e00000000000080feff3a200000000060dd8681010331530cd3e473ff3333,ffffffffffffffff,0,1,0,"Active","Stream Beat"
546,2,0,00031f45ac17,0000000000000000000000000000001e000000000000001e000000000000001e00000000000093d368cb81010331530c0101d3e473fefffb9002000000000000,00000000003fffff,0,1,1,"Active","Last Stream"
547,3,0,00031f45ac18,000000000000000000000000000000000000000000000000000000000000001e000000000000001e000000000000001e00000000000093d368cb81010331530c,0000000000000000,0,0,0,"_","_"
548,4,0,00031f45ac19,000000000000000000000000000000000000000000000000000000000000001e000000000000001e000000000000001e00000000000093d368cb81010331530c,0000000000000000,0,0,0,"_","_"
549,5,0,00031f45ac1a,000000000000000000000000000000000000000000000000000000000000001e000000000000001e000000000000001e00000000000093d368cb81010331530c,0000000000000000,0,0,0,"_","_"
550,6,0,00031f45ac1b,000000000000000000000000000000000000000000000000000000000000001e000000000000001e000000000000001e00000000000093d368cb81010331530c,0000000000000000,0,0,0,"_","_"
551,7,0,00031f45ac1c,000000000000000000000000000000000000000000000000000000000000001e000000000000001e000000000000001e00000000000093d368cb81010331530c,0000000000000000,0,0,0,"_","_"
552,0,0,00034f523722,0000000000000000000000000000000000000000000000001140004085031b010045000891a063141140004085031b010045000891a0631452f4ffffffffffff,0000000000000000,0,0,0,"_","_"
553,1,1,00034f523723,3836312e3239313a5043543d4449000000023246435420c00701fe05fe05ffbfa8c0febfa8c0fe341140004085031b010045000891a0631452f4ffffffffffff,ffffffffffffffff,0,1,0,"Active","Stream Beat"
554,2,0,00034f523724,00000000000000000000000000000000000000000000000072657672655320657261776472614820786e696c69583d656d614e00693c803a3435322e3139312e,0000000000000000,0,0,0,"_","_"
555,3,0,00034f523725,2d35322d302e30312e352078756e694c3d656d614e534f0072657672655320657261776472614820786e696c69583d656d614e00693c803a3435322e3139312e,ffffffffffffffff,0,1,0,"Active","Stream Beat"
556,4,0,00034f523726,0000000000000000613762312d383664382d323935342d383636322d33386464366238363d4449746e65674100746f6f723d656d614e72657355003436646d61,0000000000000000,0,0,0,"_","_"
557,5,0,00034f523727,3330366465393463613762312d383664382d323935342d383636322d33386464366238363d4449746e65674100746f6f723d656d614e72657355003436646d61,ffffffffffffffff,0,1,0,"Active","Stream Beat"
558,6,0,00034f523728,2d323935342d383636322d33386464366238363d4449726567616e614d6563697672655300693c803d74726f50005043543d656d614e74726f70736e61725400,ffffffffffffffff,0,1,0,"Active","Stream Beat"
559,7,0,00034f523729,00000000000000000000000000000000000000218cf0b6003435322e3139312e3836312e3239313d74736f4800302d3330366465393463613762312d38366438,000001ffffffffff,0,1,1,"Active","Last Stream"
560,0,0,000369debb77,0000000000000000000000000000000000000000000000007800020631414750462d3431535a070b04a1e473fb9000040702cc88d3e473fb90000e0000c28001,0000000000000000,0,0,0,"_","_"
561,1,1,000369debb78,206572617774666f532043694e4f538c0c316661656c050a7800020631414750462d3431535a070b04a1e473fb9000040702cc88d3e473fb90000e0000c28001,ffffffffffffffff,0,1,0,"Active","Stream Beat"
562,2,0,000369debb79,0000000000000000537748202d203934313432312e33323830333230322d79747269642d3339393434332e3530333230322e43694e4f53203a6e6f6973726556,0000000000000000,0,0,0,"_","_"
563,3,0,000369debb7a,6576616d203a756b537748202d203934313432312e33323830333230322d79747269642d3339393434332e3530333230322e43694e4f53203a6e6f6973726556,ffffffffffffffff,0,1,0,"Active","Stream Beat"
564,4,0,000369debb7b,00040e3436646d612d322d38312d302e30312e35203a6c656e72654b202d20372e3131206e6169626544203a6e6f69747562697274736944202d20736b636972,ffffffffffffffff,0,1,0,"Active","Stream Beat"
565,5,0,000369debb7c,0000000000000000000000000000000065757a1b08000500000002010000000000000000000000000000fd0211181000050000000201017ff001050c1014009c,0000000000000000,0,0,0,"_","_"
566,6,0,000369debb7d,30303120414750462034316c6c6f747365757a1b08000500000002010000000000000000000000000000fd0211181000050000000201017ff001050c1014009c,ffffffffffffffff,0,1,0,"Active","Stream Beat"
567,7,0,000369debb7e,000000000000001e000000000000001e000000000000001e000000009beab9aa00000b00008000010f120009fe0000000001030f120009fe312074726f702047,00000000ffffffff,0,1,1,"Active","Last Stream"
568,0,0,00046f7423e1,000000000000000000000000000000000000000000000000a8c0febfa8c00a27a8c0febfa8c00a271140004079111b010045000891a0631452f4ffffffffffff,0000000000000000,0,0,0,"_","_"
569,1,1,00046f7423e2,3836312e3239313a5043543d4449000000023246435420c00701fe05fe05ffbfa8c0febfa8c00a271140004079111b010045000891a0631452f4ffffffffffff,ffffffffffffffff,0,1,0,"Active","Stream Beat"
570,2,0,00046f7423e3,000000000000000000000000000000003d656d614e534f0072657672655320657261776472614820786e696c69583d656d614e00693c803a3435322e3139312e,0000000000000000,0,0,0,"_","_"
571,3,0,00046f7423e4,2d35322d302e30312e352078756e694c3d656d614e534f0072657672655320657261776472614820786e696c69583d656d614e00693c803a3435322e3139312e,ffffffffffffffff,0,1,0,"Active","Stream Beat"
572,4,0,00046f7423e5,3330366465393463613762312d383664382d323935342d383636322d33386464366238363d4449746e65674100746f6f723d656d614e72657355003436646d61,ffffffffffffffff,0,1,0,"Active","Stream Beat"
573,5,0,00046f7423e6,00000000000000000000000000000000000000000000000067616e614d6563697672655300693c803d74726f50005043543d656d614e74726f70736e61725400,0000000000000000,0,0,0,"_","_"
574,6,0,00046f7423e7,2d323935342d383636322d33386464366238363d4449726567616e614d6563697672655300693c803d74726f50005043543d656d614e74726f70736e61725400,ffffffffffffffff,0,1,0,"Active","Stream Beat"
575,7,0,00046f7423e8,0000000000000000000000000000001e000000583c0a76003435322e3139312e3836312e3239313d74736f4800302d3330366465393463613762312d38366438,000001ffffffffff,0,1,1,"Active","Last Stream"
576,0,0,000590e3b1de,000000000000000000000000000000000000000000000000a8c0febfa8c0681fa8c0febfa8c0681f114000401b191b010045000891a0631452f4ffffffffffff,0000000000000000,0,0,0,"_","_"
577,1,1,000590e3b1df,3836312e3239313a5043543d4449000000023246435420c00701fe05fe05ffbfa8c0febfa8c0681f114000401b191b010045000891a0631452f4ffffffffffff,ffffffffffffffff,0,1,0,"Active","Stream Beat"
578,2,0,000590e3b1e0,000000000000000000000000000000003d656d614e534f0072657672655320657261776472614820786e696c69583d656d614e00693c803a3435322e3139312e,0000000000000000,0,0,0,"_","_"
579,3,0,000590e3b1e1,2d35322d302e30312e352078756e694c3d656d614e534f0072657672655320657261776472614820786e696c69583d656d614e00693c803a3435322e3139312e,ffffffffffffffff,0,1,0,"Active","Stream Beat"
580,4,0,000590e3b1e2,3330366465393463613762312d383664382d323935342d383636322d33386464366238363d4449746e65674100746f6f723d656d614e72657355003436646d61,ffffffffffffffff,0,1,0,"Active","Stream Beat"
581,5,0,000590e3b1e3,00000000000000000000000000000000000000000000000067616e614d6563697672655300693c803d74726f50005043543d656d614e74726f70736e61725400,0000000000000000,0,0,0,"_","_"
582,6,0,000590e3b1e4,2d323935342d383636322d33386464366238363d4449726567616e614d6563697672655300693c803d74726f50005043543d656d614e74726f70736e61725400,ffffffffffffffff,0,1,0,"Active","Stream Beat"
583,7,0,000590e3b1e5,0000000000000000000000000000001e00000032a162a9003435322e3139312e3836312e3239313d74736f4800302d3330366465393463613762312d38366438,000001ffffffffff,0,1,1,"Active","Last Stream"
584,0,0,0005aa2f3ed3,000000000000000000000000000000000c316661656c050a7800020631414750462d3431535a070b04a1e473fb9000040702cc88d3e473fb90000e0000c28001,0000000000000000,0,0,0,"_","_"
585,1,1,0005aa2f3ed4,206572617774666f532043694e4f538c0c316661656c050a7800020631414750462d3431535a070b04a1e473fb9000040702cc88d3e473fb90000e0000c28001,ffffffffffffffff,0,1,0,"Active","Stream Beat"
586,2,0,0005aa2f3ed5,6576616d203a756b537748202d203934313432312e33323830333230322d79747269642d3339393434332e3530333230322e43694e4f53203a6e6f6973726556,ffffffffffffffff,0,1,0,"Active","Stream Beat"
587,3,0,0005aa2f3ed6,0000000000000000000000000000000000000000000000006e72654b202d20372e3131206e6169626544203a6e6f69747562697274736944202d20736b636972,0000000000000000,0,0,0,"_","_"
588,4,0,0005aa2f3ed7,00040e3436646d612d322d38312d302e30312e35203a6c656e72654b202d20372e3131206e6169626544203a6e6f69747562697274736944202d20736b636972,ffffffffffffffff,0,1,0,"Active","Stream Beat"
589,5,0,0005aa2f3ed8,00000000000000002034316c6c6f747365757a1b08000500000002010000000000000000000000000000fd0211181000050000000201017ff001050c1014009c,0000000000000000,0,0,0,"_","_"
590,6,0,0005aa2f3ed9,30303120414750462034316c6c6f747365757a1b08000500000002010000000000000000000000000000fd0211181000050000000201017ff001050c1014009c,ffffffffffffffff,0,1,0,"Active","Stream Beat"
591,7,0,0005aa2f3eda,000000000000001e000000000000001e000000000000001e000000009beab9aa00000b00008000010f120009fe0000000001030f120009fe312074726f702047,00000000ffffffff,0,1,1,"Active","Last Stream"
592,0,0,0006b105e6ff,00000000000000005043543d4449000000023246435420c00701fe05fe05ffbfa8c0febfa8c03411114000404f271b010045000891a0631452f4ffffffffffff,0000000000000000,0,0,0,"_","_"
593,1,1,0006b105e700,3836312e3239313a5043543d4449000000023246435420c00701fe05fe05ffbfa8c0febfa8c03411114000404f271b010045000891a0631452f4ffffffffffff,ffffffffffffffff,0,1,0,"Active","Stream Beat"
594,2,0,0006b105e701,2d35322d302e30312e352078756e694c3d656d614e534f0072657672655320657261776472614820786e696c69583d656d614e00693c803a3435322e3139312e,ffffffffffffffff,0,1,0,"Active","Stream Beat"
595,3,0,0006b105e702,00000000000000000000000000000000382d323935342d383636322d33386464366238363d4449746e65674100746f6f723d656d614e72657355003436646d61,0000000000000000,0,0,0,"_","_"
596,4,0,0006b105e703,3330366465393463613762312d383664382d323935342d383636322d33386464366238363d4449746e65674100746f6f723d656d614e72657355003436646d61,ffffffffffffffff,0,1,0,"Active","Stream Beat"
597,5,0,0006b105e704,2d323935342d383636322d33386464366238363d4449726567616e614d6563697672655300693c803d74726f50005043543d656d614e74726f70736e61725400,ffffffffffffffff,0,1,0,"Active","Stream Beat"
598,6,0,0006b105e705,0000000000000000000000000000000000000000000000003435322e3139312e3836312e3239313d74736f4800302d3330366465393463613762312d38366438,0000000000000000,0,0,0,"_","_"
599,7,0,0006b105e706,000000000000001e000000000000001e000000b1348f8e003435322e3139312e3836312e3239313d74736f4800302d3330366465393463613762312d38366438,000001ffffffffff,0,1,1,"Active","Last Stream"
600,0,0,0007d28d06ac,0000000000000000000000000000000000000000000000000701fe05fe05ffbfa8c0febfa8c0390b114000404a2d1b010045000891a0631452f4ffffffffffff,0000000000000000,0,0,0,"_","_"
601,1,1,0007d28d06ad,3836312e3239313a5043543d4449000000023246435420c00701fe05fe05ffbfa8c0febfa8c0390b114000404a2d1b010045000891a0631452f4ffffffffffff,ffffffffffffffff,0,1,0,"Active","Stream Beat"
602,2,0,0007d28d06ae,00000000000000002e352078756e694c3d656d614e534f0072657672655320657261776472614820786e696c69583d656d614e00693c803a3435322e3139312e,0000000000000000,0,0,0,"_","_"
603,3,0,0007d28d06af,2d35322d302e30312e352078756e694c3d656d614e534f0072657672655320657261776472614820786e696c69583d656d614e00693c803a3435322e3139312e,ffffffffffffffff,0,1,0,"Active","Stream Beat"
604,4,0,0007d28d06b0,6e65674100746f6f723d656d614e72657355003436646d612d35322d302e3031366238363d4449746e65674100746f6f723d656d614e72657355003436646d61,0000000000000000,0,0,0,"_","_"
605,5,0,0007d28d06b1,3330366465393463613762312d383664382d323935342d383636322d33386464366238363d4449746e65674100746f6f723d656d614e72657355003436646d61,ffffffffffffffff,0,1,0,"Active","Stream Beat"
606,6,0,0007d28d06b2,000000000000000000000000000000006238363d4449726567616e614d6563697672655300693c803d74726f50005043543d656d614e74726f70736e61725400,0000000000000000,0,0,0,"_","_"
607,7,0,0007d28d06b3,2d323935342d383636322d33386464366238363d4449726567616e614d6563697672655300693c803d74726f50005043543d656d614e74726f70736e61725400,ffffffffffffffff,0,1,0,"Active","Stream Beat"
608,0,0,0007ea866d75,000000000000000000000000000000000000000000000000462d3431535a070b462d3431535a070b04a1e473fb9000040702cc88d3e473fb90000e0000c28001,0000000000000000,0,0,0,"_","_"
609,1,1,0007ea866d76,206572617774666f532043694e4f538c0c316661656c050a7800020631414750462d3431535a070b04a1e473fb9000040702cc88d3e473fb90000e0000c28001,ffffffffffffffff,0,1,0,"Active","Stream Beat"
610,2,0,0007ea866d77,00000000000000000000000000000000313432312e33323830333230322d79747269642d3339393434332e3530333230322e43694e4f53203a6e6f6973726556,0000000000000000,0,0,0,"_","_"
611,3,0,0007ea866d78,6576616d203a756b537748202d203934313432312e33323830333230322d79747269642d3339393434332e3530333230322e43694e4f53203a6e6f6973726556,ffffffffffffffff,0,1,0,"Active","Stream Beat"
612,4,0,0007ea866d79,00040e3436646d612d322d38312d302e30312e35203a6c656e72654b202d20372e3131206e6169626544203a6e6f69747562697274736944202d20736b636972,ffffffffffffffff,0,1,0,"Active","Stream Beat"
613,5,0,0007ea866d7a,000000000000000000000000000000000000000000000000000002010000000000000000000000000000fd0211181000050000000201017ff001050c1014009c,0000000000000000,0,0,0,"_","_"
614,6,0,0007ea866d7b,30303120414750462034316c6c6f747365757a1b08000500000002010000000000000000000000000000fd0211181000050000000201017ff001050c1014009c,ffffffffffffffff,0,1,0,"Active","Stream Beat"
615,7,0,0007ea866d7c,0000000000000000000000000000001e000000000000001e000000009beab9aa00000b00008000010f120009fe0000000001030f120009fe312074726f702047,00000000ffffffff,0,1,1,"Active","Last Stream"
616,0,0,0008af7a0e48,00000000000000000000000000000000000000000000000002ffa10103feff31530e00000000000080feff3a100034cc0c60dd86a1010331530c020000003333,0000000000000000,0,0,0,"_","_"
617,1,1,0008af7a0e49,0101000000003ffd0085020000000000000000000000000002ffa10103feff31530e00000000000080feff3a100034cc0c60dd86a1010331530c020000003333,ffffffffffffffff,0,1,0,"Active","Stream Beat"
618,2,0,0008af7a0e4a,0000000000000000000000000000000000000000000020db363ca1010331530c0101000000003ffd00850200000000000000000000000000363ca1010331530c,000000000000003f,0,1,1,"Active","Last Stream"
619,3,0,0008af7a0e4b,00000000000000000000000000000000000000000000000000000000000020db363ca1010331530c0101000000003ffd00850200000000000000000000000000,0000000000000000,0,0,0,"_","_"
620,4,0,0008af7a0e4c,00000000000000000000000000000000000000000000000000000000000020db363ca1010331530c0101000000003ffd00850200000000000000000000000000,0000000000000000,0,0,0,"_","_"
621,5,0,0008af7a0e4d,00000000000000000000000000000000000000000000000000000000000020db363ca1010331530c0101000000003ffd00850200000000000000000000000000,0000000000000000,0,0,0,"_","_"
622,6,0,0008af7a0e4e,00000000000000000000000000000000000000000000000000000000000020db363ca1010331530c0101000000003ffd00850200000000000000000000000000,0000000000000000,0,0,0,"_","_"
623,7,0,0008af7a0e4f,00000000000000000000000000000000000000000000000000000000000020db363ca1010331530c0101000000003ffd00850200000000000000000000000000,0000000000000000,0,0,0,"_","_"
624,0,0,0008f2b2d181,0000000000000000000000000000000000000000000000001140004027341b010045000891a063141140004027341b010045000891a0631452f4ffffffffffff,0000000000000000,0,0,0,"_","_"
625,1,1,0008f2b2d182,3836312e3239313a5043543d4449000000023246435420c00701fe05fe05ffbfa8c0febfa8c05c041140004027341b010045000891a0631452f4ffffffffffff,ffffffffffffffff,0,1,0,"Active","Stream Beat"
626,2,0,0008f2b2d183,00000000000000000000000000000000000000000000000072657672655320657261776472614820786e696c69583d656d614e00693c803a3435322e3139312e,0000000000000000,0,0,0,"_","_"
627,3,0,0008f2b2d184,2d35322d302e30312e352078756e694c3d656d614e534f0072657672655320657261776472614820786e696c69583d656d614e00693c803a3435322e3139312e,ffffffffffffffff,0,1,0,"Active","Stream Beat"
628,4,0,0008f2b2d185,0000000000000000613762312d383664382d323935342d383636322d33386464366238363d4449746e65674100746f6f723d656d614e72657355003436646d61,0000000000000000,0,0,0,"_","_"
629,5,0,0008f2b2d186,3330366465393463613762312d383664382d323935342d383636322d33386464366238363d4449746e65674100746f6f723d656d614e72657355003436646d61,ffffffffffffffff,0,1,0,"Active","Stream Beat"
630,6,0,0008f2b2d187,2d323935342d383636322d33386464366238363d4449726567616e614d6563697672655300693c803d74726f50005043543d656d614e74726f70736e61725400,ffffffffffffffff,0,1,0,"Active","Stream Beat"
631,7,0,0008f2b2d188,00000000000000000000000000000000000000b74a8535003435322e3139312e3836312e3239313d74736f4800302d3330366465393463613762312d38366438,000001ffffffffff,0,1,1,"Active","Last Stream"
632,0,0,0009d79f1435,00000000000000000000000000000000000000000000000080fe013a400078940360dd86b6e473fb80fe013a400078940360dd86b6e473fb9000010000003333,0000000000000000,0,0,0,"_","_"
633,1,1,0009d79f1436,46360100ebbdc1a90080010000000000000000000000000002ffb6e473fefffb900200000000000080fe013a400078940360dd86b6e473fb9000010000003333,ffffffffffffffff,0,1,0,"Active","Stream Beat"
634,2,0,0009d79f1437,000000000000000000000000000000000000000000000000292827262524232221201f1e1d1c1b1a1918171615141312111000000000000d1504000000006932,0000000000000000,0,0,0,"_","_"
635,3,0,0009d79f1438,0000000000008024065d37363534333231302f2e2d2c2b2a292827262524232221201f1e1d1c1b1a1918171615141312111000000000000d1504000000006932,003fffffffffffff,0,1,1,"Active","Last Stream"
636,4,0,0009d79f1439,000000000000000000000000000000000000000000000000000000000000001e000000000000001e0000000000008024065d37363534333231302f2e2d2c2b2a,0000000000000000,0,0,0,"_","_"
637,5,0,0009d79f143a,000000000000000000000000000000000000000000000000000000000000001e000000000000001e0000000000008024065d37363534333231302f2e2d2c2b2a,0000000000000000,0,0,0,"_","_"
638,6,0,0009d79f143b,000000000000000000000000000000000000000000000000000000000000001e000000000000001e0000000000008024065d37363534333231302f2e2d2c2b2a,0000000000000000,0,0,0,"_","_"
639,7,0,0009d79f143c,000000000000000000000000000000000000000000000000000000000000001e000000000000001e0000000000008024065d37363534333231302f2e2d2c2b2a,0000000000000000,0,0,0,"_","_"
640,0,0,000a12d4cedf,0000000000000000000000000000000000023246435420c00701fe05fe05ffbfa8c0febfa8c038fe114000404a3a1b010045000891a0631452f4ffffffffffff,0000000000000000,0,0,0,"_","_"
641,1,1,000a12d4cee0,3836312e3239313a5043543d4449000000023246435420c00701fe05fe05ffbfa8c0febfa8c038fe114000404a3a1b010045000891a0631452f4ffffffffffff,ffffffffffffffff,0,1,0,"Active","Stream Beat"
642,2,0,000a12d4cee1,2d35322d302e30312e352078756e694c3d656d614e534f0072657672655320657261776472614820786e696c69583d656d614e00693c803a3435322e3139312e,ffffffffffffffff,0,1,0,"Active","Stream Beat"
643,3,0,000a12d4cee2,0000000000000000000000000000000000000000000000002d35322d302e30312e352078756e694c3d656d614e534f0072657672655320657261776472614820,0000000000000000,0,0,0,"_","_"
644,4,0,000a12d4cee3,0000000000000000000000000000000000000000000000003636322d33386464366238363d4449746e65674100746f6f723d656d614e72657355003436646d61,0000000000000000,0,0,0,"_","_"
645,5,0,000a12d4cee4,3330366465393463613762312d383664382d323935342d383636322d33386464366238363d4449746e65674100746f6f723d656d614e72657355003436646d61,ffffffffffffffff,0,1,0,"Active","Stream Beat"
646,6,0,000a12d4cee5,000000000000000036322d33386464366238363d4449726567616e614d6563697672655300693c803d74726f50005043543d656d614e74726f70736e61725400,0000000000000000,0,0,0,"_","_"
647,7,0,000a12d4cee6,2d323935342d383636322d33386464366238363d4449726567616e614d6563697672655300693c803d74726f50005043543d656d614e74726f70736e61725400,ffffffffffffffff,0,1,0,"Active","Stream Beat"
648,0,0,000a2aef75d6,00000000000000000000000000000000000000000000000004a1e473fb9000040702cc88d3e473fb04a1e473fb9000040702cc88d3e473fb90000e0000c28001,0000000000000000,0,0,0,"_","_"
649,1,1,000a2aef75d7,206572617774666f532043694e4f538c0c316661656c050a7800020631414750462d3431535a070b04a1e473fb9000040702cc88d3e473fb90000e0000c28001,ffffffffffffffff,0,1,0,"Active","Stream Beat"
650,2,0,000a2aef75d8,00000000000000000000000000000000000000000000000030333230322d79747269642d3339393434332e3530333230322e43694e4f53203a6e6f6973726556,0000000000000000,0,0,0,"_","_"
651,3,0,000a2aef75d9,6576616d203a756b537748202d203934313432312e33323830333230322d79747269642d3339393434332e3530333230322e43694e4f53203a6e6f6973726556,ffffffffffffffff,0,1,0,"Active","Stream Beat"
652,4,0,000a2aef75da,00000000000000002d322d38312d302e30312e35203a6c656e72654b202d20372e3131206e6169626544203a6e6f69747562697274736944202d20736b636972,0000000000000000,0,0,0,"_","_"
653,5,0,000a2aef75db,00040e3436646d612d322d38312d302e30312e35203a6c656e72654b202d20372e3131206e6169626544203a6e6f69747562697274736944202d20736b636972,ffffffffffffffff,0,1,0,"Active","Stream Beat"
654,6,0,000a2aef75dc,30303120414750462034316c6c6f747365757a1b08000500000002010000000000000000000000000000fd0211181000050000000201017ff001050c1014009c,ffffffffffffffff,0,1,0,"Active","Stream Beat"
655,7,0,000a2aef75dd,00000000000000000000000000000000000000000000001e000000009beab9aa00000b00008000010f120009fe0000000001030f120009fe312074726f702047,00000000ffffffff,0,1,1,"Active","Last Stream"
656,0,0,000b32f6ec8e,0000000000000000000000000000000000000000000000000701fe05fe05ffbfa8c0febfa8c091f311400040f1441b010045000891a0631452f4ffffffffffff,0000000000000000,0,0,0,"_","_"
657,1,1,000b32f6ec8f,3836312e3239313a5043543d4449000000023246435420c00701fe05fe05ffbfa8c0febfa8c091f311400040f1441b010045000891a0631452f4ffffffffffff,ffffffffffffffff,0,1,0,"Active","Stream Beat"
658,2,0,000b32f6ec90,00000000000000002e352078756e694c3d656d614e534f0072657672655320657261776472614820786e696c69583d656d614e00693c803a3435322e3139312e,0000000000000000,0,0,0,"_","_"
659,3,0,000b32f6ec91,2d35322d302e30312e352078756e694c3d656d614e534f0072657672655320657261776472614820786e696c69583d656d614e00693c803a3435322e3139312e,ffffffffffffffff,0,1,0,"Active","Stream Beat"
660,4,0,000b32f6ec92,3330366465393463613762312d383664382d323935342d383636322d33386464366238363d4449746e65674100746f6f723d656d614e72657355003436646d61,ffffffffffffffff,0,1,0,"Active","Stream Beat"
661,5,0,000b32f6ec93,000000000000000000000000000000006238363d4449726567616e614d6563697672655300693c803d74726f50005043543d656d614e74726f70736e61725400,0000000000000000,0,0,0,"_","_"
662,6,0,000b32f6ec94,2d323935342d383636322d33386464366238363d4449726567616e614d6563697672655300693c803d74726f50005043543d656d614e74726f70736e61725400,ffffffffffffffff,0,1,0,"Active","Stream Beat"
663,7,0,000b32f6ec95,000000000000001e000000000000001e000000a2c8744a003435322e3139312e3836312e3239313d74736f4800302d3330366465393463613762312d38366438,000001ffffffffff,0,1,1,"Active","Last Stream"
664,0,0,000bd04ddce1,00000100240000000060dd86c1010331000000000000000002ff000000000000000000000000000000000100240000000060dd86c1010331530c160000003333,0000000000000000,0,0,0,"_","_"
665,1,1,000bd04ddce2,008f000100000205003a160000000000000000000000000002ff000000000000000000000000000000000100240000000060dd86c1010331530c160000003333,ffffffffffffffff,0,1,0,"Active","Stream Beat"
666,2,0,000bd04ddce3,000000000000001e000000000000001e000000000000001e000000000000001e00007a84a7fac10103ff0100000000000000000002ff0000000401000000c66d,0000000003ffffff,0,1,1,"Active","Last Stream"
667,3,0,000bd04ddce4,000000000000000000000000000000000000000000000000000000000000001e000000000000001e000000000000001e000000000000001e00007a84a7fac101,0000000000000000,0,0,0,"_","_"
668,4,0,000bd04ddce5,000000000000000000000000000000000000000000000000000000000000001e000000000000001e000000000000001e000000000000001e00007a84a7fac101,0000000000000000,0,0,0,"_","_"
669,5,0,000bd04ddce6,000000000000000000000000000000000000000000000000000000000000001e000000000000001e000000000000001e000000000000001e00007a84a7fac101,0000000000000000,0,0,0,"_","_"
670,6,0,000bd04ddce7,000000000000000000000000000000000000000000000000000000000000001e000000000000001e000000000000001e000000000000001e00007a84a7fac101,0000000000000000,0,0,0,"_","_"
671,7,0,000bd04ddce8,000000000000000000000000000000000000000000000000000000000000001e000000000000001e000000000000001e000000000000001e00007a84a7fac101,0000000000000000,0,0,0,"_","_"
672,0,0,000bdc7687d5,0000000000000000000000000000000000000000000000000000ff3a200000000060dd86c10103310000ff3a200000000060dd86c1010331530cc10103ff3333,0000000000000000,0,0,0,"_","_"
673,1,1,000bdc7687d6,80fe00000000fc070087c10103ff0100000000000000000002ff00000000000000000000000000000000ff3a200000000060dd86c1010331530cc10103ff3333,ffffffffffffffff,0,1,0,"Active","Stream Beat"
674,2,0,000bdc7687d7,000000000000000000000000000000000000000000000000000000000000001e0000000000006799f8f83ce9ab385f02010ec10103feff31530e000000000000,00000000003fffff,0,1,1,"Active","Last Stream"
675,3,0,000bdc7687d8,000000000000000000000000000000000000000000000000000000000000001e0000000000006799f8f83ce9ab385f02010ec10103feff31530e000000000000,0000000000000000,0,0,0,"_","_"
676,4,0,000bdc7687d9,000000000000000000000000000000000000000000000000000000000000001e0000000000006799f8f83ce9ab385f02010ec10103feff31530e000000000000,0000000000000000,0,0,0,"_","_"
677,5,0,000bdc7687da,000000000000000000000000000000000000000000000000000000000000001e0000000000006799f8f83ce9ab385f02010ec10103feff31530e000000000000,0000000000000000,0,0,0,"_","_"
678,6,0,000bdc7687db,000000000000000000000000000000000000000000000000000000000000001e0000000000006799f8f83ce9ab385f02010ec10103feff31530e000000000000,0000000000000000,0,0,0,"_","_"
679,7,0,000bdc7687dc,000000000000000000000000000000000000000000000000000000000000001e0000000000006799f8f83ce9ab385f02010ec10103feff31530e000000000000,0000000000000000,0,0,0,"_","_"
680,0,0,000be161577b,0000000000000000000000000000000000000000000000000000000000000000000000000000000000000100240000000060dd86c1010331530c160000003333,0000000000000000,0,0,0,"_","_"
681,1,1,000be161577c,008f000100000205003a160000000000000000000000000002ff000000000000000000000000000000000100240000000060dd86c1010331530c160000003333,ffffffffffffffff,0,1,0,"Active","Stream Beat"
682,2,0,000be161577d,00000000000000000000000000000000000000000000001e000000000000001e00007a84a7fac10103ff0100000000000000000002ff0000000401000000c66d,0000000003ffffff,0,1,1,"Active","Last Stream"
683,3,0,000be161577e,000000000000000000000000000000000000000000000000000000000000001e000000000000001e00007a84a7fac10103ff0100000000000000000002ff0000,0000000000000000,0,0,0,"_","_"
684,4,0,000be161577f,000000000000000000000000000000000000000000000000000000000000001e000000000000001e00007a84a7fac10103ff0100000000000000000002ff0000,0000000000000000,0,0,0,"_","_"
685,5,0,000be1615780,000000000000000000000000000000000000000000000000000000000000001e000000000000001e00007a84a7fac10103ff0100000000000000000002ff0000,0000000000000000,0,0,0,"_","_"
686,6,0,000be1615781,000000000000000000000000000000000000000000000000000000000000001e000000000000001e00007a84a7fac10103ff0100000000000000000002ff0000,0000000000000000,0,0,0,"_","_"
687,7,0,000be1615782,000000000000000000000000000000000000000000000000000000000000001e000000000000001e00007a84a7fac10103ff0100000000000000000002ff0000,0000000000000000,0,0,0,"_","_"
688,0,0,000bf022358c,00000000000000000000000000000000000000000000000002ffc10103feff31530e00000000000080fe0100240000000060dd86c1010331530c160000003333,0000000000000000,0,0,0,"_","_"
689,1,1,000bf022358d,008f000100000205003a160000000000000000000000000002ffc10103feff31530e00000000000080fe0100240000000060dd86c1010331530c160000003333,ffffffffffffffff,0,1,0,"Active","Stream Beat"
690,2,0,000bf022358e,0000000000000000000000000000001e000000000000001e000000000000001e0000820daac2c10103ff0100000000000000000002ff00000004010000002e2f,0000000003ffffff,0,1,1,"Active","Last Stream"
691,3,0,000bf022358f,000000000000000000000000000000000000000000000000000000000000001e000000000000001e000000000000001e0000820daac2c10103ff010000000000,0000000000000000,0,0,0,"_","_"
692,4,0,000bf0223590,000000000000000000000000000000000000000000000000000000000000001e000000000000001e000000000000001e0000820daac2c10103ff010000000000,0000000000000000,0,0,0,"_","_"
693,5,0,000bf0223591,000000000000000000000000000000000000000000000000000000000000001e000000000000001e000000000000001e0000820daac2c10103ff010000000000,0000000000000000,0,0,0,"_","_"
694,6,0,000bf0223592,000000000000000000000000000000000000000000000000000000000000001e000000000000001e000000000000001e0000820daac2c10103ff010000000000,0000000000000000,0,0,0,"_","_"
695,7,0,000bf0223593,000000000000000000000000000000000000000000000000000000000000001e000000000000001e000000000000001e0000820daac2c10103ff010000000000,0000000000000000,0,0,0,"_","_"
696,0,0,000bfc6d1f2f,00000000000000000000000000000000000000000000000002ffc10103feff31530e00000000000080fe0100240000000060dd86c1010331530c160000003333,0000000000000000,0,0,0,"_","_"
697,1,1,000bfc6d1f30,008f000100000205003a160000000000000000000000000002ffc10103feff31530e00000000000080fe0100240000000060dd86c1010331530c160000003333,ffffffffffffffff,0,1,0,"Active","Stream Beat"
698,2,0,000bfc6d1f31,0000000000000000000000000000001e000000000000001e000000000000001e0000820daac2c10103ff0100000000000000000002ff00000004010000002e2f,0000000003ffffff,0,1,1,"Active","Last Stream"
699,3,0,000bfc6d1f32,000000000000000000000000000000000000000000000000000000000000001e000000000000001e000000000000001e0000820daac2c10103ff010000000000,0000000000000000,0,0,0,"_","_"
700,4,0,000bfc6d1f33,000000000000000000000000000000000000000000000000000000000000001e000000000000001e000000000000001e0000820daac2c10103ff010000000000,0000000000000000,0,0,0,"_","_"
701,5,0,000bfc6d1f34,000000000000000000000000000000000000000000000000000000000000001e000000000000001e000000000000001e0000820daac2c10103ff010000000000,0000000000000000,0,0,0,"_","_"
702,6,0,000bfc6d1f35,000000000000000000000000000000000000000000000000000000000000001e000000000000001e000000000000001e0000820daac2c10103ff010000000000,0000000000000000,0,0,0,"_","_"
703,7,0,000bfc6d1f36,000000000000000000000000000000000000000000000000000000000000001e000000000000001e000000000000001e0000820daac2c10103ff010000000000,0000000000000000,0,0,0,"_","_"
704,0,0,000c0cf2c356,00000000000000000000000000000000000000000000000002ffc10103feff31530e00000000000080feff3a1000b6c70960dd86c1010331530c020000003333,0000000000000000,0,0,0,"_","_"
705,1,1,000c0cf2c357,010100000000fffc0085020000000000000000000000000002ffc10103feff31530e00000000000080feff3a1000b6c70960dd86c1010331530c020000003333,ffffffffffffffff,0,1,0,"Active","Stream Beat"
706,2,0,000c0cf2c358,0000000000000000000000000000000000000000000018b6d5a1c1010331530c010100000000fffc00850200000000000000000000000000d5a1c1010331530c,000000000000003f,0,1,1,"Active","Last Stream"
707,3,0,000c0cf2c359,00000000000000000000000000000000000000000000000000000000000018b6d5a1c1010331530c010100000000fffc00850200000000000000000000000000,0000000000000000,0,0,0,"_","_"
708,4,0,000c0cf2c35a,00000000000000000000000000000000000000000000000000000000000018b6d5a1c1010331530c010100000000fffc00850200000000000000000000000000,0000000000000000,0,0,0,"_","_"
709,5,0,000c0cf2c35b,00000000000000000000000000000000000000000000000000000000000018b6d5a1c1010331530c010100000000fffc00850200000000000000000000000000,0000000000000000,0,0,0,"_","_"
710,6,0,000c0cf2c35c,00000000000000000000000000000000000000000000000000000000000018b6d5a1c1010331530c010100000000fffc00850200000000000000000000000000,0000000000000000,0,0,0,"_","_"
711,7,0,000c0cf2c35d,00000000000000000000000000000000000000000000000000000000000018b6d5a1c1010331530c010100000000fffc00850200000000000000000000000000,0000000000000000,0,0,0,"_","_"
712,0,0,000c5319290f,00000000000000005043543d4449000000023246435420c00701fe05fe05ffbfa8c0febfa8c0dfe811400040a34f1b010045000891a0631452f4ffffffffffff,0000000000000000,0,0,0,"_","_"
713,1,1,000c53192910,3836312e3239313a5043543d4449000000023246435420c00701fe05fe05ffbfa8c0febfa8c0dfe811400040a34f1b010045000891a0631452f4ffffffffffff,ffffffffffffffff,0,1,0,"Active","Stream Beat"
714,2,0,000c53192911,2d35322d302e30312e352078756e694c3d656d614e534f0072657672655320657261776472614820786e696c69583d656d614e00693c803a3435322e3139312e,ffffffffffffffff,0,1,0,"Active","Stream Beat"
715,3,0,000c53192912,00000000000000000000000000000000382d323935342d383636322d33386464366238363d4449746e65674100746f6f723d656d614e72657355003436646d61,0000000000000000,0,0,0,"_","_"
716,4,0,000c53192913,3330366465393463613762312d383664382d323935342d383636322d33386464366238363d4449746e65674100746f6f723d656d614e72657355003436646d61,ffffffffffffffff,0,1,0,"Active","Stream Beat"
717,5,0,000c53192914,2d323935342d383636322d33386464366238363d4449726567616e614d6563697672655300693c803d74726f50005043543d656d614e74726f70736e61725400,ffffffffffffffff,0,1,0,"Active","Stream Beat"
718,6,0,000c53192915,0000000000000000000000000000000000000000000000003435322e3139312e3836312e3239313d74736f4800302d3330366465393463613762312d38366438,0000000000000000,0,0,0,"_","_"
719,7,0,000c53192916,000000000000001e000000000000001e000000b4cdffbf003435322e3139312e3836312e3239313d74736f4800302d3330366465393463613762312d38366438,000001ffffffffff,0,1,1,"Active","Last Stream"
720,0,0,000c58595f57,00000000000000000000000000000000000000000000000080feff3a1000b6c70960dd86c101033180feff3a1000b6c70960dd86c1010331530c020000003333,0000000000000000,0,0,0,"_","_"
721,1,1,000c58595f58,010100000000fffc0085020000000000000000000000000002ffc10103feff31530e00000000000080feff3a1000b6c70960dd86c1010331530c020000003333,ffffffffffffffff,0,1,0,"Active","Stream Beat"
722,2,0,000c58595f59,000000000000000000000000000000000000000000000000000000000000001e000000000000001e000000000000001e00000000000018b6d5a1c1010331530c,000000000000003f,0,1,1,"Active","Last Stream"
723,3,0,000c58595f5a,000000000000000000000000000000000000000000000000000000000000001e000000000000001e000000000000001e00000000000018b6d5a1c1010331530c,0000000000000000,0,0,0,"_","_"
724,4,0,000c58595f5b,000000000000000000000000000000000000000000000000000000000000001e000000000000001e000000000000001e00000000000018b6d5a1c1010331530c,0000000000000000,0,0,0,"_","_"
725,5,0,000c58595f5c,000000000000000000000000000000000000000000000000000000000000001e000000000000001e000000000000001e00000000000018b6d5a1c1010331530c,0000000000000000,0,0,0,"_","_"
726,6,0,000c58595f5d,000000000000000000000000000000000000000000000000000000000000001e000000000000001e000000000000001e00000000000018b6d5a1c1010331530c,0000000000000000,0,0,0,"_","_"
727,7,0,000c58595f5e,000000000000000000000000000000000000000000000000000000000000001e000000000000001e000000000000001e00000000000018b6d5a1c1010331530c,0000000000000000,0,0,0,"_","_"
728,0,0,000c6b4b8209,000000000000000000000000000000000000000000000000462d3431535a070b462d3431535a070b04a1e473fb9000040702cc88d3e473fb90000e0000c28001,0000000000000000,0,0,0,"_","_"
729,1,1,000c6b4b820a,206572617774666f532043694e4f538c0c316661656c050a7800020631414750462d3431535a070b04a1e473fb9000040702cc88d3e473fb90000e0000c28001,ffffffffffffffff,0,1,0,"Active","Stream Beat"
730,2,0,000c6b4b820b,00000000000000000000000000000000313432312e33323830333230322d79747269642d3339393434332e3530333230322e43694e4f53203a6e6f6973726556,0000000000000000,0,0,0,"_","_"
731,3,0,000c6b4b820c,6576616d203a756b537748202d203934313432312e33323830333230322d79747269642d3339393434332e3530333230322e43694e4f53203a6e6f6973726556,ffffffffffffffff,0,1,0,"Active","Stream Beat"
732,4,0,000c6b4b820d,00040e3436646d612d322d38312d302e30312e35203a6c656e72654b202d20372e3131206e6169626544203a6e6f69747562697274736944202d20736b636972,ffffffffffffffff,0,1,0,"Active","Stream Beat"
733,5,0,000c6b4b820e,000000000000000000000000000000000000000000000000000002010000000000000000000000000000fd0211181000050000000201017ff001050c1014009c,0000000000000000,0,0,0,"_","_"
734,6,0,000c6b4b820f,30303120414750462034316c6c6f747365757a1b08000500000002010000000000000000000000000000fd0211181000050000000201017ff001050c1014009c,ffffffffffffffff,0,1,0,"Active","Stream Beat"
735,7,0,000c6b4b8210,0000000000000000000000000000001e000000000000001e000000009beab9aa00000b00008000010f120009fe0000000001030f120009fe312074726f702047,00000000ffffffff,0,1,1,"Active","Last Stream"
736,0,0,000cf373a260,00000000000000000085020000000000000000000000000002ffc10103feff31530e00000000000080feff3a1000b6c70960dd86c1010331530c020000003333,0000000000000000,0,0,0,"_","_"
737,1,1,000cf373a261,010100000000fffc0085020000000000000000000000000002ffc10103feff31530e00000000000080feff3a1000b6c70960dd86c1010331530c020000003333,ffffffffffffffff,0,1,0,"Active","Stream Beat"
738,2,0,000cf373a262,00000000000000000000000000000000000000000000001e000000000000001e00000000000018b6d5a1c1010331530c010100000000fffcd5a1c1010331530c,000000000000003f,0,1,1,"Active","Last Stream"
739,3,0,000cf373a263,000000000000000000000000000000000000000000000000000000000000001e000000000000001e00000000000018b6d5a1c1010331530c010100000000fffc,0000000000000000,0,0,0,"_","_"
740,4,0,000cf373a264,000000000000000000000000000000000000000000000000000000000000001e000000000000001e00000000000018b6d5a1c1010331530c010100000000fffc,0000000000000000,0,0,0,"_","_"
741,5,0,000cf373a265,000000000000000000000000000000000000000000000000000000000000001e000000000000001e00000000000018b6d5a1c1010331530c010100000000fffc,0000000000000000,0,0,0,"_","_"
742,6,0,000cf373a266,000000000000000000000000000000000000000000000000000000000000001e000000000000001e00000000000018b6d5a1c1010331530c010100000000fffc,0000000000000000,0,0,0,"_","_"
743,7,0,000cf373a267,000000000000000000000000000000000000000000000000000000000000001e000000000000001e00000000000018b6d5a1c1010331530c010100000000fffc,0000000000000000,0,0,0,"_","_"
744,0,0,000d73630ce4,000000000000000000000000000000000000000000000000114000407d5a1b010045000891a06314114000407d5a1b010045000891a0631452f4ffffffffffff,0000000000000000,0,0,0,"_","_"
745,1,1,000d73630ce5,3836312e3239313a5043543d4449000000023246435420c00701fe05fe05ffbfa8c0febfa8c005de114000407d5a1b010045000891a0631452f4ffffffffffff,ffffffffffffffff,0,1,0,"Active","Stream Beat"
746,2,0,000d73630ce6,00000000000000000000000000000000000000000000000072657672655320657261776472614820786e696c69583d656d614e00693c803a3435322e3139312e,0000000000000000,0,0,0,"_","_"
747,3,0,000d73630ce7,2d35322d302e30312e352078756e694c3d656d614e534f0072657672655320657261776472614820786e696c69583d656d614e00693c803a3435322e3139312e,ffffffffffffffff,0,1,0,"Active","Stream Beat"
748,4,0,000d73630ce8,0000000000000000613762312d383664382d323935342d383636322d33386464366238363d4449746e65674100746f6f723d656d614e72657355003436646d61,0000000000000000,0,0,0,"_","_"
749,5,0,000d73630ce9,3330366465393463613762312d383664382d323935342d383636322d33386464366238363d4449746e65674100746f6f723d656d614e72657355003436646d61,ffffffffffffffff,0,1,0,"Active","Stream Beat"
750,6,0,000d73630cea,2d323935342d383636322d33386464366238363d4449726567616e614d6563697672655300693c803d74726f50005043543d656d614e74726f70736e61725400,ffffffffffffffff,0,1,0,"Active","Stream Beat"
751,7,0,000d73630ceb,00000000000000000000000000000000000000e5e2537d003435322e3139312e3836312e3239313d74736f4800302d3330366465393463613762312d38366438,000001ffffffffff,0,1,1,"Active","Last Stream"
752,0,0,000e2f12874e,00000000000000000085020000000000000000000000000002ffc10103feff31530e00000000000080feff3a1000b6c70960dd86c1010331530c020000003333,0000000000000000,0,0,0,"_","_"
753,1,1,000e2f12874f,010100000000fffc0085020000000000000000000000000002ffc10103feff31530e00000000000080feff3a1000b6c70960dd86c1010331530c020000003333,ffffffffffffffff,0,1,0,"Active","Stream Beat"
754,2,0,000e2f128750,00000000000000000000000000000000000000000000001e000000000000001e00000000000018b6d5a1c1010331530c010100000000fffcd5a1c1010331530c,000000000000003f,0,1,1,"Active","Last Stream"
755,3,0,000e2f128751,000000000000000000000000000000000000000000000000000000000000001e000000000000001e00000000000018b6d5a1c1010331530c010100000000fffc,0000000000000000,0,0,0,"_","_"
756,4,0,000e2f128752,000000000000000000000000000000000000000000000000000000000000001e000000000000001e00000000000018b6d5a1c1010331530c010100000000fffc,0000000000000000,0,0,0,"_","_"
757,5,0,000e2f128753,000000000000000000000000000000000000000000000000000000000000001e000000000000001e00000000000018b6d5a1c1010331530c010100000000fffc,0000000000000000,0,0,0,"_","_"
758,6,0,000e2f128754,000000000000000000000000000000000000000000000000000000000000001e000000000000001e00000000000018b6d5a1c1010331530c010100000000fffc,0000000000000000,0,0,0,"_","_"
759,7,0,000e2f128755,000000000000000000000000000000000000000000000000000000000000001e000000000000001e00000000000018b6d5a1c1010331530c010100000000fffc,0000000000000000,0,0,0,"_","_"
760,0,0,000e93852389,0000000000000000000000000000000000000000000000000701fe05fe05ffbfa8c0febfa8c0f7cf114000408b681b010045000891a0631452f4ffffffffffff,0000000000000000,0,0,0,"_","_"
761,1,1,000e9385238a,3836312e3239313a5043543d4449000000023246435420c00701fe05fe05ffbfa8c0febfa8c0f7cf114000408b681b010045000891a0631452f4ffffffffffff,ffffffffffffffff,0,1,0,"Active","Stream Beat"
762,2,0,000e9385238b,00000000000000002e352078756e694c3d656d614e534f0072657672655320657261776472614820786e696c69583d656d614e00693c803a3435322e3139312e,0000000000000000,0,0,0,"_","_"
763,3,0,000e9385238c,2d35322d302e30312e352078756e694c3d656d614e534f0072657672655320657261776472614820786e696c69583d656d614e00693c803a3435322e3139312e,ffffffffffffffff,0,1,0,"Active","Stream Beat"
764,4,0,000e9385238d,3330366465393463613762312d383664382d323935342d383636322d33386464366238363d4449746e65674100746f6f723d656d614e72657355003436646d61,ffffffffffffffff,0,1,0,"Active","Stream Beat"
765,5,0,000e9385238e,000000000000000000000000000000006238363d4449726567616e614d6563697672655300693c803d74726f50005043543d656d614e74726f70736e61725400,0000000000000000,0,0,0,"_","_"
766,6,0,000e9385238f,2d323935342d383636322d33386464366238363d4449726567616e614d6563697672655300693c803d74726f50005043543d656d614e74726f70736e61725400,ffffffffffffffff,0,1,0,"Active","Stream Beat"
767,7,0,000e93852390,000000000000001e000000000000001e000000520de05b003435322e3139312e3836312e3239313d74736f4800302d3330366465393463613762312d38366438,000001ffffffffff,0,1,1,"Active","Last Stream"
768,0,0,000eabb2054d,0000000000000000532043694e4f538c0c316661656c050a7800020631414750462d3431535a070b04a1e473fb9000040702cc88d3e473fb90000e0000c28001,0000000000000000,0,0,0,"_","_"
769,1,1,000eabb2054e,206572617774666f532043694e4f538c0c316661656c050a7800020631414750462d3431535a070b04a1e473fb9000040702cc88d3e473fb90000e0000c28001,ffffffffffffffff,0,1,0,"Active","Stream Beat"
770,2,0,000eabb2054f,34332e3530333230322e43694e4f53203a6e6f6973726556206572617774666f7269642d3339393434332e3530333230322e43694e4f53203a6e6f6973726556,0000000000000000,0,0,0,"_","_"
771,3,0,000eabb20550,6576616d203a756b537748202d203934313432312e33323830333230322d79747269642d3339393434332e3530333230322e43694e4f53203a6e6f6973726556,ffffffffffffffff,0,1,0,"Active","Stream Beat"
772,4,0,000eabb20551,0000000000000000000000000000000030312e35203a6c656e72654b202d20372e3131206e6169626544203a6e6f69747562697274736944202d20736b636972,0000000000000000,0,0,0,"_","_"
773,5,0,000eabb20552,00040e3436646d612d322d38312d302e30312e35203a6c656e72654b202d20372e3131206e6169626544203a6e6f69747562697274736944202d20736b636972,ffffffffffffffff,0,1,0,"Active","Stream Beat"
774,6,0,000eabb20553,30303120414750462034316c6c6f747365757a1b08000500000002010000000000000000000000000000fd0211181000050000000201017ff001050c1014009c,ffffffffffffffff,0,1,0,"Active","Stream Beat"
775,7,0,000eabb20554,000000000000000000000000000000000000000000000000000000009beab9aa00000b00008000010f120009fe0000000001030f120009fe312074726f702047,00000000ffffffff,0,1,1,"Active","Last Stream"
776,0,0,000fa8a73768,000000000000000000000000000000000000000000000000febfa8c091a06314febfa8c091a0631452f40200040600080100060891a0631452f4c8010331530c,0000000000000000,0,0,0,"_","_"
777,1,1,000fa8a73769,539cc64c000000000000000000000000000000000000c881a8c0c8010331530cfebfa8c091a0631452f40200040600080100060891a0631452f4c8010331530c,0fffffffffffffff,0,1,1,"Active","Last Stream"
778,2,0,000fa8a7376a,0000000000000000000000000000000000000000000000000000000000000000539cc64c000000000000000000000000000000000000c881a8c0c8010331530c,0000000000000000,0,0,0,"_","_"
779,3,0,000fa8a7376b,0000000000000000000000000000000000000000000000000000000000000000539cc64c000000000000000000000000000000000000c881a8c0c8010331530c,0000000000000000,0,0,0,"_","_"
780,4,0,000fa8a7376c,0000000000000000000000000000000000000000000000000000000000000000539cc64c000000000000000000000000000000000000c881a8c0c8010331530c,0000000000000000,0,0,0,"_","_"
781,5,0,000fa8a7376d,0000000000000000000000000000000000000000000000000000000000000000539cc64c000000000000000000000000000000000000c881a8c0c8010331530c,0000000000000000,0,0,0,"_","_"
782,6,0,000fa8a7376e,0000000000000000000000000000000000000000000000000000000000000000539cc64c000000000000000000000000000000000000c881a8c0c8010331530c,0000000000000000,0,0,0,"_","_"
783,7,0,000fa8a7376f,0000000000000000000000000000000000000000000000000000000000000000539cc64c000000000000000000000000000000000000c881a8c0c8010331530c,0000000000000000,0,0,0,"_","_"
784,0,0,000fb3a6fe6b,00000000000000000000000000000000000000000000000011400040ff6d1b010045000891a0631411400040ff6d1b010045000891a0631452f4ffffffffffff,0000000000000000,0,0,0,"_","_"
785,1,1,000fb3a6fe6c,3836312e3239313a5043543d4449000000023246435420c00701fe05fe05ffbfa8c0febfa8c083ca11400040ff6d1b010045000891a0631452f4ffffffffffff,ffffffffffffffff,0,1,0,"Active","Stream Beat"
786,2,0,000fb3a6fe6d,00000000000000000000000000000000000000000000000072657672655320657261776472614820786e696c69583d656d614e00693c803a3435322e3139312e,0000000000000000,0,0,0,"_","_"
787,3,0,000fb3a6fe6e,2d35322d302e30312e352078756e694c3d656d614e534f0072657672655320657261776472614820786e696c69583d656d614e00693c803a3435322e3139312e,ffffffffffffffff,0,1,0,"Active","Stream Beat"
788,4,0,000fb3a6fe6f,0000000000000000613762312d383664382d323935342d383636322d33386464366238363d4449746e65674100746f6f723d656d614e72657355003436646d61,0000000000000000,0,0,0,"_","_"
789,5,0,000fb3a6fe70,3330366465393463613762312d383664382d323935342d383636322d33386464366238363d4449746e65674100746f6f723d656d614e72657355003436646d61,ffffffffffffffff,0,1,0,"Active","Stream Beat"
790,6,0,000fb3a6fe71,2d323935342d383636322d33386464366238363d4449726567616e614d6563697672655300693c803d74726f50005043543d656d614e74726f70736e61725400,ffffffffffffffff,0,1,0,"Active","Stream Beat"
791,7,0,000fb3a6fe72,00000000000000000000000000000000000000751ad7a9003435322e3139312e3836312e3239313d74736f4800302d3330366465393463613762312d38366438,000001ffffffffff,0,1,1,"Active","Last Stream"
792,0,0,000fbc8bee8f,000000000000000000000000000000000000000000000000febfa8c091a06314febfa8c091a0631452f40200040600080100060891a0631452f4c8010331530c,0000000000000000,0,0,0,"_","_"
793,1,1,000fbc8bee90,539cc64c000000000000000000000000000000000000c881a8c0c8010331530cfebfa8c091a0631452f40200040600080100060891a0631452f4c8010331530c,0fffffffffffffff,0,1,1,"Active","Last Stream"
794,2,0,000fbc8bee91,0000000000000000000000000000000000000000000000000000000000000000539cc64c000000000000000000000000000000000000c881a8c0c8010331530c,0000000000000000,0,0,0,"_","_"
795,3,0,000fbc8bee92,0000000000000000000000000000000000000000000000000000000000000000539cc64c000000000000000000000000000000000000c881a8c0c8010331530c,0000000000000000,0,0,0,"_","_"
796,4,0,000fbc8bee93,0000000000000000000000000000000000000000000000000000000000000000539cc64c000000000000000000000000000000000000c881a8c0c8010331530c,0000000000000000,0,0,0,"_","_"
797,5,0,000fbc8bee94,0000000000000000000000000000000000000000000000000000000000000000539cc64c000000000000000000000000000000000000c881a8c0c8010331530c,0000000000000000,0,0,0,"_","_"
798,6,0,000fbc8bee95,0000000000000000000000000000000000000000000000000000000000000000539cc64c000000000000000000000000000000000000c881a8c0c8010331530c,0000000000000000,0,0,0,"_","_"
799,7,0,000fbc8bee96,0000000000000000000000000000000000000000000000000000000000000000539cc64c000000000000000000000000000000000000c881a8c0c8010331530c,0000000000000000,0,0,0,"_","_"
800,0,0,000fd0376cf0,00000000000000000000000000000000000000000000c881a8c0c8010331530cfebfa8c091a0631452f40200040600080100060891a0631452f4c8010331530c,0000000000000000,0,0,0,"_","_"
801,1,1,000fd0376cf1,539cc64c000000000000000000000000000000000000c881a8c0c8010331530cfebfa8c091a0631452f40200040600080100060891a0631452f4c8010331530c,0fffffffffffffff,0,1,1,"Active","Last Stream"
802,2,0,000fd0376cf2,000000000000000000000000000000000000000000000000000000000000001e000000000000001e0000000000000000539cc64c000000000000000000000000,0000000000000000,0,0,0,"_","_"
803,3,0,000fd0376cf3,000000000000000000000000000000000000000000000000000000000000001e000000000000001e0000000000000000539cc64c000000000000000000000000,0000000000000000,0,0,0,"_","_"
804,4,0,000fd0376cf4,000000000000000000000000000000000000000000000000000000000000001e000000000000001e0000000000000000539cc64c000000000000000000000000,0000000000000000,0,0,0,"_","_"
805,5,0,000fd0376cf5,000000000000000000000000000000000000000000000000000000000000001e000000000000001e0000000000000000539cc64c000000000000000000000000,0000000000000000,0,0,0,"_","_"
806,6,0,000fd0376cf6,000000000000000000000000000000000000000000000000000000000000001e000000000000001e0000000000000000539cc64c000000000000000000000000,0000000000000000,0,0,0,"_","_"
807,7,0,000fd0376cf7,000000000000000000000000000000000000000000000000000000000000001e000000000000001e0000000000000000539cc64c000000000000000000000000,0000000000000000,0,0,0,"_","_"
808,0,0,000fe3e440b2,00000000000000000000000000000000000000000000000052f40200040600080100060891a0631452f40200040600080100060891a0631452f4c8010331530c,0000000000000000,0,0,0,"_","_"
809,1,1,000fe3e440b3,539cc64c000000000000000000000000000000000000c881a8c0c8010331530cfebfa8c091a0631452f40200040600080100060891a0631452f4c8010331530c,0fffffffffffffff,0,1,1,"Active","Last Stream"
810,2,0,000fe3e440b4,000000000000000000000000000000000000000000000000539cc64c000000000000000000000000000000000000c881a8c0c8010331530cfebfa8c091a06314,0000000000000000,0,0,0,"_","_"
811,3,0,000fe3e440b5,000000000000000000000000000000000000000000000000539cc64c000000000000000000000000000000000000c881a8c0c8010331530cfebfa8c091a06314,0000000000000000,0,0,0,"_","_"
812,4,0,000fe3e440b6,000000000000000000000000000000000000000000000000539cc64c000000000000000000000000000000000000c881a8c0c8010331530cfebfa8c091a06314,0000000000000000,0,0,0,"_","_"
813,5,0,000fe3e440b7,000000000000000000000000000000000000000000000000539cc64c000000000000000000000000000000000000c881a8c0c8010331530cfebfa8c091a06314,0000000000000000,0,0,0,"_","_"
814,6,0,000fe3e440b8,000000000000000000000000000000000000000000000000539cc64c000000000000000000000000000000000000c881a8c0c8010331530cfebfa8c091a06314,0000000000000000,0,0,0,"_","_"
815,7,0,000fe3e440b9,000000000000000000000000000000000000000000000000539cc64c000000000000000000000000000000000000c881a8c0c8010331530cfebfa8c091a06314,0000000000000000,0,0,0,"_","_"
816,0,0,000ff78e205b,000000000000000000000000000000000000000000000000febfa8c091a06314febfa8c091a0631452f40200040600080100060891a0631452f4c8010331530c,0000000000000000,0,0,0,"_","_"
817,1,1,000ff78e205c,539cc64c000000000000000000000000000000000000c881a8c0c8010331530cfebfa8c091a0631452f40200040600080100060891a0631452f4c8010331530c,0fffffffffffffff,0,1,1,"Active","Last Stream"
818,2,0,000ff78e205d,0000000000000000000000000000000000000000000000000000000000000000539cc64c000000000000000000000000000000000000c881a8c0c8010331530c,0000000000000000,0,0,0,"_","_"
819,3,0,000ff78e205e,0000000000000000000000000000000000000000000000000000000000000000539cc64c000000000000000000000000000000000000c881a8c0c8010331530c,0000000000000000,0,0,0,"_","_"
820,4,0,000ff78e205f,0000000000000000000000000000000000000000000000000000000000000000539cc64c000000000000000000000000000000000000c881a8c0c8010331530c,0000000000000000,0,0,0,"_","_"
821,5,0,000ff78e2060,0000000000000000000000000000000000000000000000000000000000000000539cc64c000000000000000000000000000000000000c881a8c0c8010331530c,0000000000000000,0,0,0,"_","_"
822,6,0,000ff78e2061,0000000000000000000000000000000000000000000000000000000000000000539cc64c000000000000000000000000000000000000c881a8c0c8010331530c,0000000000000000,0,0,0,"_","_"
823,7,0,000ff78e2062,0000000000000000000000000000000000000000000000000000000000000000539cc64c000000000000000000000000000000000000c881a8c0c8010331530c,0000000000000000,0,0,0,"_","_"
824,0,0,00100b399569,00000000000000000000000000000000000000000000000052f40200040600080100060891a0631452f40200040600080100060891a0631452f4c8010331530c,0000000000000000,0,0,0,"_","_"
825,1,1,00100b39956a,539cc64c000000000000000000000000000000000000c881a8c0c8010331530cfebfa8c091a0631452f40200040600080100060891a0631452f4c8010331530c,0fffffffffffffff,0,1,1,"Active","Last Stream"
826,2,0,00100b39956b,000000000000000000000000000000000000000000000000539cc64c000000000000000000000000000000000000c881a8c0c8010331530cfebfa8c091a06314,0000000000000000,0,0,0,"_","_"
827,3,0,00100b39956c,000000000000000000000000000000000000000000000000539cc64c000000000000000000000000000000000000c881a8c0c8010331530cfebfa8c091a06314,0000000000000000,0,0,0,"_","_"
828,4,0,00100b39956d,000000000000000000000000000000000000000000000000539cc64c000000000000000000000000000000000000c881a8c0c8010331530cfebfa8c091a06314,0000000000000000,0,0,0,"_","_"
829,5,0,00100b39956e,000000000000000000000000000000000000000000000000539cc64c000000000000000000000000000000000000c881a8c0c8010331530cfebfa8c091a06314,0000000000000000,0,0,0,"_","_"
830,6,0,00100b39956f,000000000000000000000000000000000000000000000000539cc64c000000000000000000000000000000000000c881a8c0c8010331530cfebfa8c091a06314,0000000000000000,0,0,0,"_","_"
831,7,0,00100b399570,000000000000000000000000000000000000000000000000539cc64c000000000000000000000000000000000000c881a8c0c8010331530cfebfa8c091a06314,0000000000000000,0,0,0,"_","_"
832,0,0,0010d3c91cdb,000000000000000000000000000000000000000000000000a8c0febfa8c0c0bda8c0febfa8c0c0bd11400040c27a1b010045000891a0631452f4ffffffffffff,0000000000000000,0,0,0,"_","_"
833,1,1,0010d3c91cdc,3836312e3239313a5043543d4449000000023246435420c00701fe05fe05ffbfa8c0febfa8c0c0bd11400040c27a1b010045000891a0631452f4ffffffffffff,ffffffffffffffff,0,1,0,"Active","Stream Beat"
834,2,0,0010d3c91cdd,000000000000000000000000000000003d656d614e534f0072657672655320657261776472614820786e696c69583d656d614e00693c803a3435322e3139312e,0000000000000000,0,0,0,"_","_"
835,3,0,0010d3c91cde,786e696c69583d656d614e00693c803a3d656d614e534f0072657672655320657261776472614820786e696c69583d656d614e00693c803a3435322e3139312e,0000000000000000,0,0,0,"_","_"
836,4,0,0010d3c91cdf,2d35322d302e30312e352078756e694c3d656d614e534f0072657672655320657261776472614820786e696c69583d656d614e00693c803a3435322e3139312e,ffffffffffffffff,0,1,0,"Active","Stream Beat"
837,5,0,0010d3c91ce0,3330366465393463613762312d383664382d323935342d383636322d33386464366238363d4449746e65674100746f6f723d656d614e72657355003436646d61,ffffffffffffffff,0,1,0,"Active","Stream Beat"
838,6,0,0010d3c91ce1,00000000000000000000000000000000000000000000000067616e614d6563697672655300693c803d74726f50005043543d656d614e74726f70736e61725400,0000000000000000,0,0,0,"_","_"
839,7,0,0010d3c91ce2,2d323935342d383636322d33386464366238363d4449726567616e614d6563697672655300693c803d74726f50005043543d656d614e74726f70736e61725400,ffffffffffffffff,0,1,0,"Active","Stream Beat"
840,0,0,0010ec21ec66,000000000000000000000000000000000000000000000000462d3431535a070b462d3431535a070b04a1e473fb9000040702cc88d3e473fb90000e0000c28001,0000000000000000,0,0,0,"_","_"
841,1,1,0010ec21ec67,206572617774666f532043694e4f538c0c316661656c050a7800020631414750462d3431535a070b04a1e473fb9000040702cc88d3e473fb90000e0000c28001,ffffffffffffffff,0,1,0,"Active","Stream Beat"
842,2,0,0010ec21ec68,00000000000000000000000000000000313432312e33323830333230322d79747269642d3339393434332e3530333230322e43694e4f53203a6e6f6973726556,0000000000000000,0,0,0,"_","_"
843,3,0,0010ec21ec69,6576616d203a756b537748202d203934313432312e33323830333230322d79747269642d3339393434332e3530333230322e43694e4f53203a6e6f6973726556,ffffffffffffffff,0,1,0,"Active","Stream Beat"
844,4,0,0010ec21ec6a,00040e3436646d612d322d38312d302e30312e35203a6c656e72654b202d20372e3131206e6169626544203a6e6f69747562697274736944202d20736b636972,ffffffffffffffff,0,1,0,"Active","Stream Beat"
845,5,0,0010ec21ec6b,000000000000000000000000000000000000000000000000000002010000000000000000000000000000fd0211181000050000000201017ff001050c1014009c,0000000000000000,0,0,0,"_","_"
846,6,0,0010ec21ec6c,30303120414750462034316c6c6f747365757a1b08000500000002010000000000000000000000000000fd0211181000050000000201017ff001050c1014009c,ffffffffffffffff,0,1,0,"Active","Stream Beat"
847,7,0,0010ec21ec6d,0000000000000000000000000000001e000000000000001e000000009beab9aa00000b00008000010f120009fe0000000001030f120009fe312074726f702047,00000000ffffffff,0,1,1,"Active","Last Stream"
848,0,0,0011f3eb6b9a,0000000000000000000000000000000000023246435420c00701fe05fe05ffbfa8c0febfa8c0e3b2114000409f851b010045000891a0631452f4ffffffffffff,0000000000000000,0,0,0,"_","_"
849,1,1,0011f3eb6b9b,3836312e3239313a5043543d4449000000023246435420c00701fe05fe05ffbfa8c0febfa8c0e3b2114000409f851b010045000891a0631452f4ffffffffffff,ffffffffffffffff,0,1,0,"Active","Stream Beat"
850,2,0,0011f3eb6b9c,2d35322d302e30312e352078756e694c3d656d614e534f0072657672655320657261776472614820786e696c69583d656d614e00693c803a3435322e3139312e,ffffffffffffffff,0,1,0,"Active","Stream Beat"
851,3,0,0011f3eb6b9d,0000000000000000000000000000000000000000000000003636322d33386464366238363d4449746e65674100746f6f723d656d614e72657355003436646d61,0000000000000000,0,0,0,"_","_"
852,4,0,0011f3eb6b9e,3330366465393463613762312d383664382d323935342d383636322d33386464366238363d4449746e65674100746f6f723d656d614e72657355003436646d61,ffffffffffffffff,0,1,0,"Active","Stream Beat"
853,5,0,0011f3eb6b9f,000000000000000036322d33386464366238363d4449726567616e614d6563697672655300693c803d74726f50005043543d656d614e74726f70736e61725400,0000000000000000,0,0,0,"_","_"
854,6,0,0011f3eb6ba0,2d323935342d383636322d33386464366238363d4449726567616e614d6563697672655300693c803d74726f50005043543d656d614e74726f70736e61725400,ffffffffffffffff,0,1,0,"Active","Stream Beat"
855,7,0,0011f3eb6ba1,000000000000001e000000000000001e000000ff908db8003435322e3139312e3836312e3239313d74736f4800302d3330366465393463613762312d38366438,000001ffffffffff,0,1,1,"Active","Last Stream"
