Sample in Buffer,Sample in Window,TRIGGER,i_app/design_1_i/hier_ilas/ila_cmac_rx/U0/probe0[47:0],i_app/design_1_i/hier_ilas/ila_cmac_rx/U0/net_slot_0_axis_tdata[511:0],i_app/design_1_i/hier_ilas/ila_cmac_rx/U0/net_slot_0_axis_tkeep[63:0],i_app/design_1_i/hier_ilas/ila_cmac_rx/U0/net_slot_0_axis_tuser,i_app/design_1_i/hier_ilas/ila_cmac_rx/U0/net_slot_0_axis_tvalid,i_app/design_1_i/hier_ilas/ila_cmac_rx/U0/net_slot_0_axis_tlast,Interface_(i3:s0)_(cmac_usplus_0_axis_rx)[2:0],T_Channel_(i3:s0)_(cmac_usplus_0_axis_rx)[2:0]
Radix - UNSIGNED,UNSIGNED,UNSIGNED,HEX,HEX,HEX,HEX,HEX,HEX,HEX,HEX
0,0,1,000060e826a7,008f000100000205003a160000000000000000000000000002ffd3e473fefffb900200000000000080fe01004c0000000060dd86d3e473fb9000160000003333,ffffffffffffffff,0,1,0,"_","_"
1,1,0,000060e826a8,000000000000000000000000000000000000000000000000000000000000000002ff00000004000000ff0100000000000000000002ff0000000403000000b6a4,0000000000000000,0,0,0,"_","_"
2,2,0,000060e826a9,00000000000000000000000002ff00000004d3e473ff0100000000000000000002ff00000004000000ff0100000000000000000002ff0000000403000000b6a4,ffffffffffffffff,0,1,0,"Active","Stream Beat"
3,3,0,000060e826aa,00000000000000000000000000000000000000000000001e000041a30ef1020000000000000000000000000002ff00000004d3e473ff0100000041a30ef10200,0000000000000003,0,1,1,"Active","Last Stream"
4,4,0,000060e826ab,000000000000000000000000000000000000000000000000000000000000001e000041a30ef1020000000000000000000000000002ff00000004d3e473ff0100,0000000000000000,0,0,0,"_","_"
5,5,0,000060e826ac,000000000000000000000000000000000000000000000000000000000000001e000041a30ef1020000000000000000000000000002ff00000004d3e473ff0100,0000000000000000,0,0,0,"_","_"
6,6,0,000060e826ad,000000000000000000000000000000000000000000000000000000000000001e000041a30ef1020000000000000000000000000002ff00000004d3e473ff0100,0000000000000000,0,0,0,"_","_"
7,7,0,000060e826ae,000000000000000000000000000000000000000000000000000000000000001e000041a30ef1020000000000000000000000000002ff00000004d3e473ff0100,0000000000000000,0,0,0,"_","_"
8,8,0,000060e826af,000000000000000000000000000000000000000000000000000000000000001e000041a30ef1020000000000000000000000000002ff00000004d3e473ff0100,0000000000000000,0,0,0,"_","_"
9,9,0,000060e826b0,000000000000000000000000000000000000000000000000000000000000001e000041a30ef1020000000000000000000000000002ff00000004d3e473ff0100,0000000000000000,0,0,0,"_","_"
10,10,0,000060e826b1,000000000000000000000000000000000000000000000000000000000000001e000041a30ef1020000000000000000000000000002ff00000004d3e473ff0100,0000000000000000,0,0,0,"_","_"
11,11,0,000060e826b2,000000000000000000000000000000000000000000000000000000000000001e000041a30ef1020000000000000000000000000002ff00000004d3e473ff0100,0000000000000000,0,0,0,"_","_"
12,12,0,000060e826b3,000000000000000000000000000000000000000000000000000000000000001e000041a30ef1020000000000000000000000000002ff00000004d3e473ff0100,0000000000000000,0,0,0,"_","_"
13,13,0,000060e826b4,000000000000000000000000000000000000000000000000000000000000001e000041a30ef1020000000000000000000000000002ff00000004d3e473ff0100,0000000000000000,0,0,0,"_","_"
14,14,0,000060e826b5,000000000000000000000000000000000000000000000000000000000000001e000041a30ef1020000000000000000000000000002ff00000004d3e473ff0100,0000000000000000,0,0,0,"_","_"
15,15,0,000060e826b6,000000000000000000000000000000000000000000000000000000000000001e000041a30ef1020000000000000000000000000002ff00000004d3e473ff0100,0000000000000000,0,0,0,"_","_"
16,0,1,0000699700e7,008f000100000205003a160000000000000000000000000002ffd3e473fefffb900200000000000080fe01004c0000000060dd86d3e473fb9000160000003333,ffffffffffffffff,0,1,0,"Active","Stream Beat"
17,1,0,0000699700e8,00000000000000000000000002ff00000004d3e473ff0100000000000000000002ff00000004000000ff0100000000000000000002ff0000000403000000b6a4,ffffffffffffffff,0,1,0,"Active","Stream Beat"
18,2,0,0000699700e9,000000000000000000000000000000000000000000000000000000000000001e000000000000001e000000000000001e000000000000001e000041a30ef10200,0000000000000003,0,1,1,"Active","Last Stream"
19,3,0,0000699700ea,000000000000000000000000000000000000000000000000000000000000001e000000000000001e000000000000001e000000000000001e000041a30ef10200,0000000000000000,0,0,0,"_","_"
20,4,0,0000699700eb,000000000000000000000000000000000000000000000000000000000000001e000000000000001e000000000000001e000000000000001e000041a30ef10200,0000000000000000,0,0,0,"_","_"
21,5,0,0000699700ec,000000000000000000000000000000000000000000000000000000000000001e000000000000001e000000000000001e000000000000001e000041a30ef10200,0000000000000000,0,0,0,"_","_"
22,6,0,0000699700ed,000000000000000000000000000000000000000000000000000000000000001e000000000000001e000000000000001e000000000000001e000041a30ef10200,0000000000000000,0,0,0,"_","_"
23,7,0,0000699700ee,000000000000000000000000000000000000000000000000000000000000001e000000000000001e000000000000001e000000000000001e000041a30ef10200,0000000000000000,0,0,0,"_","_"
24,8,0,0000699700ef,000000000000000000000000000000000000000000000000000000000000001e000000000000001e000000000000001e000000000000001e000041a30ef10200,0000000000000000,0,0,0,"_","_"
25,9,0,0000699700f0,000000000000000000000000000000000000000000000000000000000000001e000000000000001e000000000000001e000000000000001e000041a30ef10200,0000000000000000,0,0,0,"_","_"
26,10,0,0000699700f1,000000000000000000000000000000000000000000000000000000000000001e000000000000001e000000000000001e000000000000001e000041a30ef10200,0000000000000000,0,0,0,"_","_"
27,11,0,0000699700f2,000000000000000000000000000000000000000000000000000000000000001e000000000000001e000000000000001e000000000000001e000041a30ef10200,0000000000000000,0,0,0,"_","_"
28,12,0,0000699700f3,000000000000000000000000000000000000000000000000000000000000001e000000000000001e000000000000001e000000000000001e000041a30ef10200,0000000000000000,0,0,0,"_","_"
29,13,0,0000699700f4,000000000000000000000000000000000000000000000000000000000000001e000000000000001e000000000000001e000000000000001e000041a30ef10200,0000000000000000,0,0,0,"_","_"
30,14,0,0000699700f5,000000000000000000000000000000000000000000000000000000000000001e000000000000001e000000000000001e000000000000001e000041a30ef10200,0000000000000000,0,0,0,"_","_"
31,15,0,0000699700f6,000000000000000000000000000000000000000000000000000000000000001e000000000000001e000000000000001e000000000000001e000041a30ef10200,0000000000000000,0,0,0,"_","_"
32,0,1,000073f1d6ac,206572617774666f532043694e4f538c0c316661656c050a7800020631414750462d3431535a070b04a1e473fb9000040702cc88d3e473fb90000e0000c28001,ffffffffffffffff,0,1,0,"Active","Stream Beat"
33,1,0,000073f1d6ad,6576616d203a756b537748202d203934313432312e33323830333230322d79747269642d3339393434332e3530333230322e43694e4f53203a6e6f6973726556,ffffffffffffffff,0,1,0,"Active","Stream Beat"
34,2,0,000073f1d6ae,0000000000000000000000000000000000000000000000006e72654b202d20372e3131206e6169626544203a6e6f69747562697274736944202d20736b636972,0000000000000000,0,0,0,"_","_"
35,3,0,000073f1d6af,00040e3436646d612d322d38312d302e30312e35203a6c656e72654b202d20372e3131206e6169626544203a6e6f69747562697274736944202d20736b636972,ffffffffffffffff,0,1,0,"Active","Stream Beat"
36,4,0,000073f1d6b0,00000000000000002034316c6c6f747365757a1b08000500000002010000000000000000000000000000fd0211181000050000000201017ff001050c1014009c,0000000000000000,0,0,0,"_","_"
37,5,0,000073f1d6b1,30303120414750462034316c6c6f747365757a1b08000500000002010000000000000000000000000000fd0211181000050000000201017ff001050c1014009c,ffffffffffffffff,0,1,0,"Active","Stream Beat"
38,6,0,000073f1d6b2,000000000000001e000000000000001e000000000000001e000000009beab9aa00000b00008000010f120009fe0000000001030f120009fe312074726f702047,00000000ffffffff,0,1,1,"Active","Last Stream"
39,7,0,000073f1d6b3,000000000000000000000000000000000000000000000000000000000000001e000000000000001e000000000000001e000000000000001e000000009beab9aa,0000000000000000,0,0,0,"_","_"
40,8,0,000073f1d6b4,000000000000000000000000000000000000000000000000000000000000001e000000000000001e000000000000001e000000000000001e000000009beab9aa,0000000000000000,0,0,0,"_","_"
41,9,0,000073f1d6b5,000000000000000000000000000000000000000000000000000000000000001e000000000000001e000000000000001e000000000000001e000000009beab9aa,0000000000000000,0,0,0,"_","_"
42,10,0,000073f1d6b6,000000000000000000000000000000000000000000000000000000000000001e000000000000001e000000000000001e000000000000001e000000009beab9aa,0000000000000000,0,0,0,"_","_"
43,11,0,000073f1d6b7,000000000000000000000000000000000000000000000000000000000000001e000000000000001e000000000000001e000000000000001e000000009beab9aa,0000000000000000,0,0,0,"_","_"
44,12,0,000073f1d6b8,000000000000000000000000000000000000000000000000000000000000001e000000000000001e000000000000001e000000000000001e000000009beab9aa,0000000000000000,0,0,0,"_","_"
45,13,0,000073f1d6b9,000000000000000000000000000000000000000000000000000000000000001e000000000000001e000000000000001e000000000000001e000000009beab9aa,0000000000000000,0,0,0,"_","_"
46,14,0,000073f1d6ba,000000000000000000000000000000000000000000000000000000000000001e000000000000001e000000000000001e000000000000001e000000009beab9aa,0000000000000000,0,0,0,"_","_"
47,15,0,000073f1d6bb,000000000000000000000000000000000000000000000000000000000000001e000000000000001e000000000000001e000000000000001e000000009beab9aa,0000000000000000,0,0,0,"_","_"
48,0,1,000081c32a55,3836312e3239313a5043543d4449000000023246435420c00701fe05fe05ffbfa8c0febfa8c06cb31140004016851b010045000891a0631452f4ffffffffffff,ffffffffffffffff,0,1,0,"Active","Stream Beat"
49,1,0,000081c32a56,000000000000000000000000000000003d656d614e534f0072657672655320657261776472614820786e696c69583d656d614e00693c803a3435322e3139312e,0000000000000000,0,0,0,"_","_"
50,2,0,000081c32a57,2d35322d302e30312e352078756e694c3d656d614e534f0072657672655320657261776472614820786e696c69583d656d614e00693c803a3435322e3139312e,ffffffffffffffff,0,1,0,"Active","Stream Beat"
51,3,0,000081c32a58,3330366465393463613762312d383664382d323935342d383636322d33386464366238363d4449746e65674100746f6f723d656d614e72657355003436646d61,ffffffffffffffff,0,1,0,"Active","Stream Beat"
52,4,0,000081c32a59,00000000000000000000000000000000000000000000000067616e614d6563697672655300693c803d74726f50005043543d656d614e74726f70736e61725400,0000000000000000,0,0,0,"_","_"
53,5,0,000081c32a5a,2d323935342d383636322d33386464366238363d4449726567616e614d6563697672655300693c803d74726f50005043543d656d614e74726f70736e61725400,ffffffffffffffff,0,1,0,"Active","Stream Beat"
54,6,0,000081c32a5b,0000000000000000000000000000001e000000347ea4d3003435322e3139312e3836312e3239313d74736f4800302d3330366465393463613762312d38366438,000001ffffffffff,0,1,1,"Active","Last Stream"
55,7,0,000081c32a5c,000000000000000000000000000000000000000000000000000000000000001e000000347ea4d3003435322e3139312e3836312e3239313d74736f4800302d33,0000000000000000,0,0,0,"_","_"
56,8,0,000081c32a5d,000000000000000000000000000000000000000000000000000000000000001e000000347ea4d3003435322e3139312e3836312e3239313d74736f4800302d33,0000000000000000,0,0,0,"_","_"
57,9,0,000081c32a5e,000000000000000000000000000000000000000000000000000000000000001e000000347ea4d3003435322e3139312e3836312e3239313d74736f4800302d33,0000000000000000,0,0,0,"_","_"
58,10,0,000081c32a5f,000000000000000000000000000000000000000000000000000000000000001e000000347ea4d3003435322e3139312e3836312e3239313d74736f4800302d33,0000000000000000,0,0,0,"_","_"
59,11,0,000081c32a60,000000000000000000000000000000000000000000000000000000000000001e000000347ea4d3003435322e3139312e3836312e3239313d74736f4800302d33,0000000000000000,0,0,0,"_","_"
60,12,0,000081c32a61,000000000000000000000000000000000000000000000000000000000000001e000000347ea4d3003435322e3139312e3836312e3239313d74736f4800302d33,0000000000000000,0,0,0,"_","_"
61,13,0,000081c32a62,000000000000000000000000000000000000000000000000000000000000001e000000347ea4d3003435322e3139312e3836312e3239313d74736f4800302d33,0000000000000000,0,0,0,"_","_"
62,14,0,000081c32a63,000000000000000000000000000000000000000000000000000000000000001e000000347ea4d3003435322e3139312e3836312e3239313d74736f4800302d33,0000000000000000,0,0,0,"_","_"
63,15,0,000081c32a64,000000000000000000000000000000000000000000000000000000000000001e000000347ea4d3003435322e3139312e3836312e3239313d74736f4800302d33,0000000000000000,0,0,0,"_","_"
64,0,1,0001211fa8e1,206572617774666f532043694e4f538c0c316661656c050a7800020631414750462d3431535a070b04a1e473fb9000040702cc88d3e473fb90000e0000c28001,ffffffffffffffff,0,1,0,"Active","Stream Beat"
65,1,0,0001211fa8e2,0000000000000000537748202d203934313432312e33323830333230322d79747269642d3339393434332e3530333230322e43694e4f53203a6e6f6973726556,0000000000000000,0,0,0,"_","_"
66,2,0,0001211fa8e3,6576616d203a756b537748202d203934313432312e33323830333230322d79747269642d3339393434332e3530333230322e43694e4f53203a6e6f6973726556,ffffffffffffffff,0,1,0,"Active","Stream Beat"
67,3,0,0001211fa8e4,00040e3436646d612d322d38312d302e30312e35203a6c656e72654b202d20372e3131206e6169626544203a6e6f69747562697274736944202d20736b636972,ffffffffffffffff,0,1,0,"Active","Stream Beat"
68,4,0,0001211fa8e5,000000000000000000000000000000006874450a08000500000002010000000000000000000000000000fd0211181000050000000201017ff001050c1014009c,0000000000000000,0,0,0,"_","_"
69,5,0,0001211fa8e6,000001030f120009fe363974656e72656874450a08000500000002010000000000000000000000000000fd0211181000050000000201017ff001050c1014009c,ffffffffffffffff,0,1,0,"Active","Stream Beat"
70,6,0,0001211fa8e7,000000000000000000000000002bb43ab300000b00008000010f120009fe0000000001030f120009fe363974656e7265b300000b00008000010f120009fe0000,0000000000007fff,0,1,1,"Active","Last Stream"
71,7,0,0001211fa8e8,00000000000000000000000000000000000000000000000000000000002bb43ab300000b00008000010f120009fe0000000001030f120009fe363974656e7265,0000000000000000,0,0,0,"_","_"
72,8,0,0001211fa8e9,00000000000000000000000000000000000000000000000000000000002bb43ab300000b00008000010f120009fe0000000001030f120009fe363974656e7265,0000000000000000,0,0,0,"_","_"
73,9,0,0001211fa8ea,00000000000000000000000000000000000000000000000000000000002bb43ab300000b00008000010f120009fe0000000001030f120009fe363974656e7265,0000000000000000,0,0,0,"_","_"
74,10,0,0001211fa8eb,00000000000000000000000000000000000000000000000000000000002bb43ab300000b00008000010f120009fe0000000001030f120009fe363974656e7265,0000000000000000,0,0,0,"_","_"
75,11,0,0001211fa8ec,00000000000000000000000000000000000000000000000000000000002bb43ab300000b00008000010f120009fe0000000001030f120009fe363974656e7265,0000000000000000,0,0,0,"_","_"
76,12,0,0001211fa8ed,00000000000000000000000000000000000000000000000000000000002bb43ab300000b00008000010f120009fe0000000001030f120009fe363974656e7265,0000000000000000,0,0,0,"_","_"
77,13,0,0001211fa8ee,00000000000000000000000000000000000000000000000000000000002bb43ab300000b00008000010f120009fe0000000001030f120009fe363974656e7265,0000000000000000,0,0,0,"_","_"
78,14,0,0001211fa8ef,00000000000000000000000000000000000000000000000000000000002bb43ab300000b00008000010f120009fe0000000001030f120009fe363974656e7265,0000000000000000,0,0,0,"_","_"
79,15,0,0001211fa8f0,00000000000000000000000000000000000000000000000000000000002bb43ab300000b00008000010f120009fe0000000001030f120009fe363974656e7265,0000000000000000,0,0,0,"_","_"
80,0,1,00012124b65c,206572617774666f532043694e4f538c0c316661656c050a7800020631414750462d3431535a070b04a1e473fb9000040702cc88d3e473fb90000e0000c28001,ffffffffffffffff,0,1,0,"Active","Stream Beat"
81,1,0,00012124b65d,00000000000000000000000000000000313432312e33323830333230322d79747269642d3339393434332e3530333230322e43694e4f53203a6e6f6973726556,0000000000000000,0,0,0,"_","_"
82,2,0,00012124b65e,6576616d203a756b537748202d203934313432312e33323830333230322d79747269642d3339393434332e3530333230322e43694e4f53203a6e6f6973726556,ffffffffffffffff,0,1,0,"Active","Stream Beat"
83,3,0,00012124b65f,00040e3436646d612d322d38312d302e30312e35203a6c656e72654b202d20372e3131206e6169626544203a6e6f69747562697274736944202d20736b636972,ffffffffffffffff,0,1,0,"Active","Stream Beat"
84,4,0,00012124b660,00000000000000000000000000000000000000000000000000040e3436646d612d322d38312d302e30312e35203a6c656e72654b202d20372e3131206e616962,0000000000000000,0,0,0,"_","_"
85,5,0,00012124b661,000000000000000000000000000000000000000000000000000002010000000000000000000000000000fd0211181000050000000201017ff001050c1014009c,0000000000000000,0,0,0,"_","_"
86,6,0,00012124b662,30303120414750462034316c6c6f747365757a1b08000500000002010000000000000000000000000000fd0211181000050000000201017ff001050c1014009c,ffffffffffffffff,0,1,0,"Active","Stream Beat"
87,7,0,00012124b663,0000000000000000000000000000001e000000000000001e000000009beab9aa00000b00008000010f120009fe0000000001030f120009fe312074726f702047,00000000ffffffff,0,1,1,"Active","Last Stream"
88,8,0,00012124b664,000000000000000000000000000000000000000000000000000000000000001e000000000000001e000000009beab9aa00000b00008000010f120009fe000000,0000000000000000,0,0,0,"_","_"
89,9,0,00012124b665,000000000000000000000000000000000000000000000000000000000000001e000000000000001e000000009beab9aa00000b00008000010f120009fe000000,0000000000000000,0,0,0,"_","_"
90,10,0,00012124b666,000000000000000000000000000000000000000000000000000000000000001e000000000000001e000000009beab9aa00000b00008000010f120009fe000000,0000000000000000,0,0,0,"_","_"
91,11,0,00012124b667,000000000000000000000000000000000000000000000000000000000000001e000000000000001e000000009beab9aa00000b00008000010f120009fe000000,0000000000000000,0,0,0,"_","_"
92,12,0,00012124b668,000000000000000000000000000000000000000000000000000000000000001e000000000000001e000000009beab9aa00000b00008000010f120009fe000000,0000000000000000,0,0,0,"_","_"
93,13,0,00012124b669,000000000000000000000000000000000000000000000000000000000000001e000000000000001e000000009beab9aa00000b00008000010f120009fe000000,0000000000000000,0,0,0,"_","_"
94,14,0,00012124b66a,000000000000000000000000000000000000000000000000000000000000001e000000000000001e000000009beab9aa00000b00008000010f120009fe000000,0000000000000000,0,0,0,"_","_"
95,15,0,00012124b66b,000000000000000000000000000000000000000000000000000000000000001e000000000000001e000000009beab9aa00000b00008000010f120009fe000000,0000000000000000,0,0,0,"_","_"
96,0,1,0001a254567c,3836312e3239313a5043543d4449000000023246435420c00701fe05fe05ffbfa8c0febfa8c0b1aa11400040d18d1b010045000891a0631452f4ffffffffffff,ffffffffffffffff,0,1,0,"Active","Stream Beat"
97,1,0,0001a254567d,000000000000000000000000000000003d656d614e534f0072657672655320657261776472614820786e696c69583d656d614e00693c803a3435322e3139312e,0000000000000000,0,0,0,"_","_"
98,2,0,0001a254567e,2d35322d302e30312e352078756e694c3d656d614e534f0072657672655320657261776472614820786e696c69583d656d614e00693c803a3435322e3139312e,ffffffffffffffff,0,1,0,"Active","Stream Beat"
99,3,0,0001a254567f,3330366465393463613762312d383664382d323935342d383636322d33386464366238363d4449746e65674100746f6f723d656d614e72657355003436646d61,ffffffffffffffff,0,1,0,"Active","Stream Beat"
100,4,0,0001a2545680,00000000000000000000000000000000000000000000000067616e614d6563697672655300693c803d74726f50005043543d656d614e74726f70736e61725400,0000000000000000,0,0,0,"_","_"
101,5,0,0001a2545681,2d323935342d383636322d33386464366238363d4449726567616e614d6563697672655300693c803d74726f50005043543d656d614e74726f70736e61725400,ffffffffffffffff,0,1,0,"Active","Stream Beat"
102,6,0,0001a2545682,0000000000000000000000000000001e000000a1a34d93003435322e3139312e3836312e3239313d74736f4800302d3330366465393463613762312d38366438,000001ffffffffff,0,1,1,"Active","Last Stream"
103,7,0,0001a2545683,000000000000000000000000000000000000000000000000000000000000001e000000a1a34d93003435322e3139312e3836312e3239313d74736f4800302d33,0000000000000000,0,0,0,"_","_"
104,8,0,0001a2545684,000000000000000000000000000000000000000000000000000000000000001e000000a1a34d93003435322e3139312e3836312e3239313d74736f4800302d33,0000000000000000,0,0,0,"_","_"
105,9,0,0001a2545685,000000000000000000000000000000000000000000000000000000000000001e000000a1a34d93003435322e3139312e3836312e3239313d74736f4800302d33,0000000000000000,0,0,0,"_","_"
106,10,0,0001a2545686,000000000000000000000000000000000000000000000000000000000000001e000000a1a34d93003435322e3139312e3836312e3239313d74736f4800302d33,0000000000000000,0,0,0,"_","_"
107,11,0,0001a2545687,000000000000000000000000000000000000000000000000000000000000001e000000a1a34d93003435322e3139312e3836312e3239313d74736f4800302d33,0000000000000000,0,0,0,"_","_"
108,12,0,0001a2545688,000000000000000000000000000000000000000000000000000000000000001e000000a1a34d93003435322e3139312e3836312e3239313d74736f4800302d33,0000000000000000,0,0,0,"_","_"
109,13,0,0001a2545689,000000000000000000000000000000000000000000000000000000000000001e000000a1a34d93003435322e3139312e3836312e3239313d74736f4800302d33,0000000000000000,0,0,0,"_","_"
110,14,0,0001a254568a,000000000000000000000000000000000000000000000000000000000000001e000000a1a34d93003435322e3139312e3836312e3239313d74736f4800302d33,0000000000000000,0,0,0,"_","_"
111,15,0,0001a254568b,000000000000000000000000000000000000000000000000000000000000001e000000a1a34d93003435322e3139312e3836312e3239313d74736f4800302d33,0000000000000000,0,0,0,"_","_"
112,0,1,0002c38fe70f,3836312e3239313a5043543d4449000000023246435420c00701fe05fe05ffbfa8c0febfa8c0e3a7114000409f901b010045000891a0631452f4ffffffffffff,ffffffffffffffff,0,1,0,"Active","Stream Beat"
113,1,0,0002c38fe710,2d35322d302e30312e352078756e694c3d656d614e534f0072657672655320657261776472614820786e696c69583d656d614e00693c803a3435322e3139312e,ffffffffffffffff,0,1,0,"Active","Stream Beat"
114,2,0,0002c38fe711,00000000000000000000000000000000382d323935342d383636322d33386464366238363d4449746e65674100746f6f723d656d614e72657355003436646d61,0000000000000000,0,0,0,"_","_"
115,3,0,0002c38fe712,3330366465393463613762312d383664382d323935342d383636322d33386464366238363d4449746e65674100746f6f723d656d614e72657355003436646d61,ffffffffffffffff,0,1,0,"Active","Stream Beat"
116,4,0,0002c38fe713,2d323935342d383636322d33386464366238363d4449726567616e614d6563697672655300693c803d74726f50005043543d656d614e74726f70736e61725400,ffffffffffffffff,0,1,0,"Active","Stream Beat"
117,5,0,0002c38fe714,0000000000000000000000000000000000000000000000002d323935342d383636322d33386464366238363d4449726567616e614d6563697672655300693c80,0000000000000000,0,0,0,"_","_"
118,6,0,0002c38fe715,0000000000000000000000000000000000000000000000003435322e3139312e3836312e3239313d74736f4800302d3330366465393463613762312d38366438,0000000000000000,0,0,0,"_","_"
119,7,0,0002c38fe716,000000000000001e000000000000001e000000cbc2b652003435322e3139312e3836312e3239313d74736f4800302d3330366465393463613762312d38366438,000001ffffffffff,0,1,1,"Active","Last Stream"
120,8,0,0002c38fe717,000000000000000000000000000000000000000000000000000000000000001e000000000000001e000000000000001e000000000000001e000000cbc2b65200,0000000000000000,0,0,0,"_","_"
121,9,0,0002c38fe718,000000000000000000000000000000000000000000000000000000000000001e000000000000001e000000000000001e000000000000001e000000cbc2b65200,0000000000000000,0,0,0,"_","_"
122,10,0,0002c38fe719,000000000000000000000000000000000000000000000000000000000000001e000000000000001e000000000000001e000000000000001e000000cbc2b65200,0000000000000000,0,0,0,"_","_"
123,11,0,0002c38fe71a,000000000000000000000000000000000000000000000000000000000000001e000000000000001e000000000000001e000000000000001e000000cbc2b65200,0000000000000000,0,0,0,"_","_"
124,12,0,0002c38fe71b,000000000000000000000000000000000000000000000000000000000000001e000000000000001e000000000000001e000000000000001e000000cbc2b65200,0000000000000000,0,0,0,"_","_"
125,13,0,0002c38fe71c,000000000000000000000000000000000000000000000000000000000000001e000000000000001e000000000000001e000000000000001e000000cbc2b65200,0000000000000000,0,0,0,"_","_"
126,14,0,0002c38fe71d,000000000000000000000000000000000000000000000000000000000000001e000000000000001e000000000000001e000000000000001e000000cbc2b65200,0000000000000000,0,0,0,"_","_"
127,15,0,0002c38fe71e,000000000000000000000000000000000000000000000000000000000000001e000000000000001e000000000000001e000000000000001e000000cbc2b65200,0000000000000000,0,0,0,"_","_"
128,0,1,00036162094b,206572617774666f532043694e4f538c0c316661656c050a7800020631414750462d3431535a070b04a1e473fb9000040702cc88d3e473fb90000e0000c28001,ffffffffffffffff,0,1,0,"Active","Stream Beat"
129,1,0,00036162094c,00000000000000000000000000000000313432312e33323830333230322d79747269642d3339393434332e3530333230322e43694e4f53203a6e6f6973726556,0000000000000000,0,0,0,"_","_"
130,2,0,00036162094d,6576616d203a756b537748202d203934313432312e33323830333230322d79747269642d3339393434332e3530333230322e43694e4f53203a6e6f6973726556,ffffffffffffffff,0,1,0,"Active","Stream Beat"
131,3,0,00036162094e,00040e3436646d612d322d38312d302e30312e35203a6c656e72654b202d20372e3131206e6169626544203a6e6f69747562697274736944202d20736b636972,ffffffffffffffff,0,1,0,"Active","Stream Beat"
132,4,0,00036162094f,000000000000000000000000000000000000000000000000000002010000000000000000000000000000fd0211181000050000000201017ff001050c1014009c,0000000000000000,0,0,0,"_","_"
133,5,0,000361620950,30303120414750462034316c6c6f747365757a1b08000500000002010000000000000000000000000000fd0211181000050000000201017ff001050c1014009c,ffffffffffffffff,0,1,0,"Active","Stream Beat"
134,6,0,000361620951,0000000000000000000000000000001e000000000000001e000000009beab9aa00000b00008000010f120009fe0000000001030f120009fe312074726f702047,00000000ffffffff,0,1,1,"Active","Last Stream"
135,7,0,000361620952,000000000000000000000000000000000000000000000000000000000000001e000000000000001e000000009beab9aa00000b00008000010f120009fe000000,0000000000000000,0,0,0,"_","_"
136,8,0,000361620953,000000000000000000000000000000000000000000000000000000000000001e000000000000001e000000009beab9aa00000b00008000010f120009fe000000,0000000000000000,0,0,0,"_","_"
137,9,0,000361620954,000000000000000000000000000000000000000000000000000000000000001e000000000000001e000000009beab9aa00000b00008000010f120009fe000000,0000000000000000,0,0,0,"_","_"
138,10,0,000361620955,000000000000000000000000000000000000000000000000000000000000001e000000000000001e000000009beab9aa00000b00008000010f120009fe000000,0000000000000000,0,0,0,"_","_"
139,11,0,000361620956,000000000000000000000000000000000000000000000000000000000000001e000000000000001e000000009beab9aa00000b00008000010f120009fe000000,0000000000000000,0,0,0,"_","_"
140,12,0,000361620957,000000000000000000000000000000000000000000000000000000000000001e000000000000001e000000009beab9aa00000b00008000010f120009fe000000,0000000000000000,0,0,0,"_","_"
141,13,0,000361620958,000000000000000000000000000000000000000000000000000000000000001e000000000000001e000000009beab9aa00000b00008000010f120009fe000000,0000000000000000,0,0,0,"_","_"
142,14,0,000361620959,000000000000000000000000000000000000000000000000000000000000001e000000000000001e000000009beab9aa00000b00008000010f120009fe000000,0000000000000000,0,0,0,"_","_"
143,15,0,00036162095a,000000000000000000000000000000000000000000000000000000000000001e000000000000001e000000009beab9aa00000b00008000010f120009fe000000,0000000000000000,0,0,0,"_","_"
144,0,1,0003e3b1faa3,3836312e3239313a5043543d4449000000023246435420c00701fe05fe05ffbfa8c0febfa8c0aea111400040d4961b010045000891a0631452f4ffffffffffff,ffffffffffffffff,0,1,0,"Active","Stream Beat"
145,1,0,0003e3b1faa4,00000000000000002e352078756e694c3d656d614e534f0072657672655320657261776472614820786e696c69583d656d614e00693c803a3435322e3139312e,0000000000000000,0,0,0,"_","_"
146,2,0,0003e3b1faa5,2d35322d302e30312e352078756e694c3d656d614e534f0072657672655320657261776472614820786e696c69583d656d614e00693c803a3435322e3139312e,ffffffffffffffff,0,1,0,"Active","Stream Beat"
147,3,0,0003e3b1faa6,3330366465393463613762312d383664382d323935342d383636322d33386464366238363d4449746e65674100746f6f723d656d614e72657355003436646d61,ffffffffffffffff,0,1,0,"Active","Stream Beat"
148,4,0,0003e3b1faa7,000000000000000000000000000000006238363d4449726567616e614d6563697672655300693c803d74726f50005043543d656d614e74726f70736e61725400,0000000000000000,0,0,0,"_","_"
149,5,0,0003e3b1faa8,2d323935342d383636322d33386464366238363d4449726567616e614d6563697672655300693c803d74726f50005043543d656d614e74726f70736e61725400,ffffffffffffffff,0,1,0,"Active","Stream Beat"
150,6,0,0003e3b1faa9,000000000000001e000000000000001e000000a2cb91b3003435322e3139312e3836312e3239313d74736f4800302d3330366465393463613762312d38366438,000001ffffffffff,0,1,1,"Active","Last Stream"
151,7,0,0003e3b1faaa,000000000000000000000000000000000000000000000000000000000000001e000000000000001e000000a2cb91b3003435322e3139312e3836312e3239313d,0000000000000000,0,0,0,"_","_"
152,8,0,0003e3b1faab,000000000000000000000000000000000000000000000000000000000000001e000000000000001e000000a2cb91b3003435322e3139312e3836312e3239313d,0000000000000000,0,0,0,"_","_"
153,9,0,0003e3b1faac,000000000000000000000000000000000000000000000000000000000000001e000000000000001e000000a2cb91b3003435322e3139312e3836312e3239313d,0000000000000000,0,0,0,"_","_"
154,10,0,0003e3b1faad,000000000000000000000000000000000000000000000000000000000000001e000000000000001e000000a2cb91b3003435322e3139312e3836312e3239313d,0000000000000000,0,0,0,"_","_"
155,11,0,0003e3b1faae,000000000000000000000000000000000000000000000000000000000000001e000000000000001e000000a2cb91b3003435322e3139312e3836312e3239313d,0000000000000000,0,0,0,"_","_"
156,12,0,0003e3b1faaf,000000000000000000000000000000000000000000000000000000000000001e000000000000001e000000a2cb91b3003435322e3139312e3836312e3239313d,0000000000000000,0,0,0,"_","_"
157,13,0,0003e3b1fab0,000000000000000000000000000000000000000000000000000000000000001e000000000000001e000000a2cb91b3003435322e3139312e3836312e3239313d,0000000000000000,0,0,0,"_","_"
158,14,0,0003e3b1fab1,000000000000000000000000000000000000000000000000000000000000001e000000000000001e000000a2cb91b3003435322e3139312e3836312e3239313d,0000000000000000,0,0,0,"_","_"
159,15,0,0003e3b1fab2,000000000000000000000000000000000000000000000000000000000000001e000000000000001e000000a2cb91b3003435322e3139312e3836312e3239313d,0000000000000000,0,0,0,"_","_"
160,0,1,0003fe5fbfdb,236b0100151ab3760080010000000000000000000000000002ffd3e473fefffb900200000000000080fe013a40007e780260dd86d3e473fb9000010000003333,ffffffffffffffff,0,1,0,"Active","Stream Beat"
161,1,0,0003fe5fbfdc,0000000000000000640137363534333231302f2e2d2c2b2a292827262524232221201f1e1d1c1b1a19181716151413121110000000000005ffac000000006933,003fffffffffffff,0,1,1,"Active","Last Stream"
162,2,0,0003fe5fbfdd,000000000000000000000000000000000000000000000000000000000000001e000000000000001e000000000000001e000000000000001e0000000000009612,0000000000000000,0,0,0,"_","_"
163,3,0,0003fe5fbfde,000000000000000000000000000000000000000000000000000000000000001e000000000000001e000000000000001e000000000000001e0000000000009612,0000000000000000,0,0,0,"_","_"
164,4,0,0003fe5fbfdf,000000000000000000000000000000000000000000000000000000000000001e000000000000001e000000000000001e000000000000001e0000000000009612,0000000000000000,0,0,0,"_","_"
165,5,0,0003fe5fbfe0,000000000000000000000000000000000000000000000000000000000000001e000000000000001e000000000000001e000000000000001e0000000000009612,0000000000000000,0,0,0,"_","_"
166,6,0,0003fe5fbfe1,000000000000000000000000000000000000000000000000000000000000001e000000000000001e000000000000001e000000000000001e0000000000009612,0000000000000000,0,0,0,"_","_"
167,7,0,0003fe5fbfe2,000000000000000000000000000000000000000000000000000000000000001e000000000000001e000000000000001e000000000000001e0000000000009612,0000000000000000,0,0,0,"_","_"
168,8,0,0003fe5fbfe3,000000000000000000000000000000000000000000000000000000000000001e000000000000001e000000000000001e000000000000001e0000000000009612,0000000000000000,0,0,0,"_","_"
169,9,0,0003fe5fbfe4,000000000000000000000000000000000000000000000000000000000000001e000000000000001e000000000000001e000000000000001e0000000000009612,0000000000000000,0,0,0,"_","_"
170,10,0,0003fe5fbfe5,000000000000000000000000000000000000000000000000000000000000001e000000000000001e000000000000001e000000000000001e0000000000009612,0000000000000000,0,0,0,"_","_"
171,11,0,0003fe5fbfe6,000000000000000000000000000000000000000000000000000000000000001e000000000000001e000000000000001e000000000000001e0000000000009612,0000000000000000,0,0,0,"_","_"
172,12,0,0003fe5fbfe7,000000000000000000000000000000000000000000000000000000000000001e000000000000001e000000000000001e000000000000001e0000000000009612,0000000000000000,0,0,0,"_","_"
173,13,0,0003fe5fbfe8,000000000000000000000000000000000000000000000000000000000000001e000000000000001e000000000000001e000000000000001e0000000000009612,0000000000000000,0,0,0,"_","_"
174,14,0,0003fe5fbfe9,000000000000000000000000000000000000000000000000000000000000001e000000000000001e000000000000001e000000000000001e0000000000009612,0000000000000000,0,0,0,"_","_"
175,15,0,0003fe5fbfea,000000000000000000000000000000000000000000000000000000000000001e000000000000001e000000000000001e000000000000001e0000000000009612,0000000000000000,0,0,0,"_","_"
176,0,1,0003fe601c19,80fe0000000010370087d3e473ff0100000000000000000002ff610103feff31530e00000000000080feff3a200000000060dd8661010331530cd3e473ff3333,ffffffffffffffff,0,1,0,"Active","Stream Beat"
177,1,0,0003fe601c1a,00000000000000000000000000000000000000000000001e000000000000001e0000000000000223cd3861010331530c0101d3e473fefffb9002000000000000,00000000003fffff,0,1,1,"Active","Last Stream"
178,2,0,0003fe601c1b,000000000000000000000000000000000000000000000000000000000000001e000000000000001e0000000000000223cd3861010331530c0101d3e473fefffb,0000000000000000,0,0,0,"_","_"
179,3,0,0003fe601c1c,000000000000000000000000000000000000000000000000000000000000001e000000000000001e0000000000000223cd3861010331530c0101d3e473fefffb,0000000000000000,0,0,0,"_","_"
180,4,0,0003fe601c1d,000000000000000000000000000000000000000000000000000000000000001e000000000000001e0000000000000223cd3861010331530c0101d3e473fefffb,0000000000000000,0,0,0,"_","_"
181,5,0,0003fe601c1e,000000000000000000000000000000000000000000000000000000000000001e000000000000001e0000000000000223cd3861010331530c0101d3e473fefffb,0000000000000000,0,0,0,"_","_"
182,6,0,0003fe601c1f,000000000000000000000000000000000000000000000000000000000000001e000000000000001e0000000000000223cd3861010331530c0101d3e473fefffb,0000000000000000,0,0,0,"_","_"
183,7,0,0003fe601c20,000000000000000000000000000000000000000000000000000000000000001e000000000000001e0000000000000223cd3861010331530c0101d3e473fefffb,0000000000000000,0,0,0,"_","_"
184,8,0,0003fe601c21,000000000000000000000000000000000000000000000000000000000000001e000000000000001e0000000000000223cd3861010331530c0101d3e473fefffb,0000000000000000,0,0,0,"_","_"
185,9,0,0003fe601c22,000000000000000000000000000000000000000000000000000000000000001e000000000000001e0000000000000223cd3861010331530c0101d3e473fefffb,0000000000000000,0,0,0,"_","_"
186,10,0,0003fe601c23,000000000000000000000000000000000000000000000000000000000000001e000000000000001e0000000000000223cd3861010331530c0101d3e473fefffb,0000000000000000,0,0,0,"_","_"
187,11,0,0003fe601c24,000000000000000000000000000000000000000000000000000000000000001e000000000000001e0000000000000223cd3861010331530c0101d3e473fefffb,0000000000000000,0,0,0,"_","_"
188,12,0,0003fe601c25,000000000000000000000000000000000000000000000000000000000000001e000000000000001e0000000000000223cd3861010331530c0101d3e473fefffb,0000000000000000,0,0,0,"_","_"
189,13,0,0003fe601c26,000000000000000000000000000000000000000000000000000000000000001e000000000000001e0000000000000223cd3861010331530c0101d3e473fefffb,0000000000000000,0,0,0,"_","_"
190,14,0,0003fe601c27,000000000000000000000000000000000000000000000000000000000000001e000000000000001e0000000000000223cd3861010331530c0101d3e473fefffb,0000000000000000,0,0,0,"_","_"
191,15,0,0003fe601c28,000000000000000000000000000000000000000000000000000000000000001e000000000000001e0000000000000223cd3861010331530c0101d3e473fefffb,0000000000000000,0,0,0,"_","_"
192,0,1,0003fe60232f,80fe0000000090360087d3e473ff0100000000000000000002ffa10103feff31530e00000000000080feff3a200000000060dd86a1010331530cd3e473ff3333,ffffffffffffffff,0,1,0,"Active","Stream Beat"
193,1,0,0003fe602330,0000000000000000000000000000001e000000000000001e000000000000001e0000000000006559551ca1010331530c0101d3e473fefffb9002000000000000,00000000003fffff,0,1,1,"Active","Last Stream"
194,2,0,0003fe602331,000000000000000000000000000000000000000000000000000000000000001e000000000000001e000000000000001e0000000000006559551ca1010331530c,0000000000000000,0,0,0,"_","_"
195,3,0,0003fe602332,000000000000000000000000000000000000000000000000000000000000001e000000000000001e000000000000001e0000000000006559551ca1010331530c,0000000000000000,0,0,0,"_","_"
196,4,0,0003fe602333,000000000000000000000000000000000000000000000000000000000000001e000000000000001e000000000000001e0000000000006559551ca1010331530c,0000000000000000,0,0,0,"_","_"
197,5,0,0003fe602334,000000000000000000000000000000000000000000000000000000000000001e000000000000001e000000000000001e0000000000006559551ca1010331530c,0000000000000000,0,0,0,"_","_"
198,6,0,0003fe602335,000000000000000000000000000000000000000000000000000000000000001e000000000000001e000000000000001e0000000000006559551ca1010331530c,0000000000000000,0,0,0,"_","_"
199,7,0,0003fe602336,000000000000000000000000000000000000000000000000000000000000001e000000000000001e000000000000001e0000000000006559551ca1010331530c,0000000000000000,0,0,0,"_","_"
200,8,0,0003fe602337,000000000000000000000000000000000000000000000000000000000000001e000000000000001e000000000000001e0000000000006559551ca1010331530c,0000000000000000,0,0,0,"_","_"
201,9,0,0003fe602338,000000000000000000000000000000000000000000000000000000000000001e000000000000001e000000000000001e0000000000006559551ca1010331530c,0000000000000000,0,0,0,"_","_"
202,10,0,0003fe602339,000000000000000000000000000000000000000000000000000000000000001e000000000000001e000000000000001e0000000000006559551ca1010331530c,0000000000000000,0,0,0,"_","_"
203,11,0,0003fe60233a,000000000000000000000000000000000000000000000000000000000000001e000000000000001e000000000000001e0000000000006559551ca1010331530c,0000000000000000,0,0,0,"_","_"
204,12,0,0003fe60233b,000000000000000000000000000000000000000000000000000000000000001e000000000000001e000000000000001e0000000000006559551ca1010331530c,0000000000000000,0,0,0,"_","_"
205,13,0,0003fe60233c,000000000000000000000000000000000000000000000000000000000000001e000000000000001e000000000000001e0000000000006559551ca1010331530c,0000000000000000,0,0,0,"_","_"
206,14,0,0003fe60233d,000000000000000000000000000000000000000000000000000000000000001e000000000000001e000000000000001e0000000000006559551ca1010331530c,0000000000000000,0,0,0,"_","_"
207,15,0,0003fe60233e,000000000000000000000000000000000000000000000000000000000000001e000000000000001e000000000000001e0000000000006559551ca1010331530c,0000000000000000,0,0,0,"_","_"
208,0,1,0003fe602ca5,80fe0000000090380087d3e473ff0100000000000000000002ffa10003feff31530e00000000000080feff3a200000000060dd86a1000331530cd3e473ff3333,ffffffffffffffff,0,1,0,"Active","Stream Beat"
209,1,0,0003fe602ca6,000000000000000000000000000000000000000000000000000000000000001e000000000000c70598a3a1000331530c0101d3e473fefffb9002000000000000,00000000003fffff,0,1,1,"Active","Last Stream"
210,2,0,0003fe602ca7,000000000000000000000000000000000000000000000000000000000000001e000000000000c70598a3a1000331530c0101d3e473fefffb9002000000000000,0000000000000000,0,0,0,"_","_"
211,3,0,0003fe602ca8,000000000000000000000000000000000000000000000000000000000000001e000000000000c70598a3a1000331530c0101d3e473fefffb9002000000000000,0000000000000000,0,0,0,"_","_"
212,4,0,0003fe602ca9,000000000000000000000000000000000000000000000000000000000000001e000000000000c70598a3a1000331530c0101d3e473fefffb9002000000000000,0000000000000000,0,0,0,"_","_"
213,5,0,0003fe602caa,000000000000000000000000000000000000000000000000000000000000001e000000000000c70598a3a1000331530c0101d3e473fefffb9002000000000000,0000000000000000,0,0,0,"_","_"
214,6,0,0003fe602cab,000000000000000000000000000000000000000000000000000000000000001e000000000000c70598a3a1000331530c0101d3e473fefffb9002000000000000,0000000000000000,0,0,0,"_","_"
215,7,0,0003fe602cac,000000000000000000000000000000000000000000000000000000000000001e000000000000c70598a3a1000331530c0101d3e473fefffb9002000000000000,0000000000000000,0,0,0,"_","_"
216,8,0,0003fe602cad,000000000000000000000000000000000000000000000000000000000000001e000000000000c70598a3a1000331530c0101d3e473fefffb9002000000000000,0000000000000000,0,0,0,"_","_"
217,9,0,0003fe602cae,000000000000000000000000000000000000000000000000000000000000001e000000000000c70598a3a1000331530c0101d3e473fefffb9002000000000000,0000000000000000,0,0,0,"_","_"
218,10,0,0003fe602caf,000000000000000000000000000000000000000000000000000000000000001e000000000000c70598a3a1000331530c0101d3e473fefffb9002000000000000,0000000000000000,0,0,0,"_","_"
219,11,0,0003fe602cb0,000000000000000000000000000000000000000000000000000000000000001e000000000000c70598a3a1000331530c0101d3e473fefffb9002000000000000,0000000000000000,0,0,0,"_","_"
220,12,0,0003fe602cb1,000000000000000000000000000000000000000000000000000000000000001e000000000000c70598a3a1000331530c0101d3e473fefffb9002000000000000,0000000000000000,0,0,0,"_","_"
221,13,0,0003fe602cb2,000000000000000000000000000000000000000000000000000000000000001e000000000000c70598a3a1000331530c0101d3e473fefffb9002000000000000,0000000000000000,0,0,0,"_","_"
222,14,0,0003fe602cb3,000000000000000000000000000000000000000000000000000000000000001e000000000000c70598a3a1000331530c0101d3e473fefffb9002000000000000,0000000000000000,0,0,0,"_","_"
223,15,0,0003fe602cb4,000000000000000000000000000000000000000000000000000000000000001e000000000000c70598a3a1000331530c0101d3e473fefffb9002000000000000,0000000000000000,0,0,0,"_","_"
224,0,1,0003fe602e8d,80fe0000000050390087d3e473ff0100000000000000000002ff410003feff31530e00000000000080feff3a200000000060dd8641000331530cd3e473ff3333,ffffffffffffffff,0,1,0,"Active","Stream Beat"
225,1,0,0003fe602e8e,00000000000000000000000000000000000000000000001e000000000000001e00000000000056f53d5041000331530c0101d3e473fefffb9002000000000000,00000000003fffff,0,1,1,"Active","Last Stream"
226,2,0,0003fe602e8f,000000000000000000000000000000000000000000000000000000000000001e000000000000001e00000000000056f53d5041000331530c0101d3e473fefffb,0000000000000000,0,0,0,"_","_"
227,3,0,0003fe602e90,000000000000000000000000000000000000000000000000000000000000001e000000000000001e00000000000056f53d5041000331530c0101d3e473fefffb,0000000000000000,0,0,0,"_","_"
228,4,0,0003fe602e91,000000000000000000000000000000000000000000000000000000000000001e000000000000001e00000000000056f53d5041000331530c0101d3e473fefffb,0000000000000000,0,0,0,"_","_"
229,5,0,0003fe602e92,000000000000000000000000000000000000000000000000000000000000001e000000000000001e00000000000056f53d5041000331530c0101d3e473fefffb,0000000000000000,0,0,0,"_","_"
230,6,0,0003fe602e93,000000000000000000000000000000000000000000000000000000000000001e000000000000001e00000000000056f53d5041000331530c0101d3e473fefffb,0000000000000000,0,0,0,"_","_"
231,7,0,0003fe602e94,000000000000000000000000000000000000000000000000000000000000001e000000000000001e00000000000056f53d5041000331530c0101d3e473fefffb,0000000000000000,0,0,0,"_","_"
232,8,0,0003fe602e95,000000000000000000000000000000000000000000000000000000000000001e000000000000001e00000000000056f53d5041000331530c0101d3e473fefffb,0000000000000000,0,0,0,"_","_"
233,9,0,0003fe602e96,000000000000000000000000000000000000000000000000000000000000001e000000000000001e00000000000056f53d5041000331530c0101d3e473fefffb,0000000000000000,0,0,0,"_","_"
234,10,0,0003fe602e97,000000000000000000000000000000000000000000000000000000000000001e000000000000001e00000000000056f53d5041000331530c0101d3e473fefffb,0000000000000000,0,0,0,"_","_"
235,11,0,0003fe602e98,000000000000000000000000000000000000000000000000000000000000001e000000000000001e00000000000056f53d5041000331530c0101d3e473fefffb,0000000000000000,0,0,0,"_","_"
236,12,0,0003fe602e99,000000000000000000000000000000000000000000000000000000000000001e000000000000001e00000000000056f53d5041000331530c0101d3e473fefffb,0000000000000000,0,0,0,"_","_"
237,13,0,0003fe602e9a,000000000000000000000000000000000000000000000000000000000000001e000000000000001e00000000000056f53d5041000331530c0101d3e473fefffb,0000000000000000,0,0,0,"_","_"
238,14,0,0003fe602e9b,000000000000000000000000000000000000000000000000000000000000001e000000000000001e00000000000056f53d5041000331530c0101d3e473fefffb,0000000000000000,0,0,0,"_","_"
239,15,0,0003fe602e9c,000000000000000000000000000000000000000000000000000000000000001e000000000000001e00000000000056f53d5041000331530c0101d3e473fefffb,0000000000000000,0,0,0,"_","_"
240,0,1,0003fe602f54,80fe00000000d0360087d3e473ff0100000000000000000002ff810103feff31530e00000000000080feff3a200000000060dd8681010331530cd3e473ff3333,ffffffffffffffff,0,1,0,"Active","Stream Beat"
241,1,0,0003fe602f55,0000000000000000000000000000001e000000000000001e000000000000001e00000000000093d368cb81010331530c0101d3e473fefffb9002000000000000,00000000003fffff,0,1,1,"Active","Last Stream"
242,2,0,0003fe602f56,000000000000000000000000000000000000000000000000000000000000001e000000000000001e000000000000001e00000000000093d368cb81010331530c,0000000000000000,0,0,0,"_","_"
243,3,0,0003fe602f57,000000000000000000000000000000000000000000000000000000000000001e000000000000001e000000000000001e00000000000093d368cb81010331530c,0000000000000000,0,0,0,"_","_"
244,4,0,0003fe602f58,000000000000000000000000000000000000000000000000000000000000001e000000000000001e000000000000001e00000000000093d368cb81010331530c,0000000000000000,0,0,0,"_","_"
245,5,0,0003fe602f59,000000000000000000000000000000000000000000000000000000000000001e000000000000001e000000000000001e00000000000093d368cb81010331530c,0000000000000000,0,0,0,"_","_"
246,6,0,0003fe602f5a,000000000000000000000000000000000000000000000000000000000000001e000000000000001e000000000000001e00000000000093d368cb81010331530c,0000000000000000,0,0,0,"_","_"
247,7,0,0003fe602f5b,000000000000000000000000000000000000000000000000000000000000001e000000000000001e000000000000001e00000000000093d368cb81010331530c,0000000000000000,0,0,0,"_","_"
248,8,0,0003fe602f5c,000000000000000000000000000000000000000000000000000000000000001e000000000000001e000000000000001e00000000000093d368cb81010331530c,0000000000000000,0,0,0,"_","_"
249,9,0,0003fe602f5d,000000000000000000000000000000000000000000000000000000000000001e000000000000001e000000000000001e00000000000093d368cb81010331530c,0000000000000000,0,0,0,"_","_"
250,10,0,0003fe602f5e,000000000000000000000000000000000000000000000000000000000000001e000000000000001e000000000000001e00000000000093d368cb81010331530c,0000000000000000,0,0,0,"_","_"
251,11,0,0003fe602f5f,000000000000000000000000000000000000000000000000000000000000001e000000000000001e000000000000001e00000000000093d368cb81010331530c,0000000000000000,0,0,0,"_","_"
252,12,0,0003fe602f60,000000000000000000000000000000000000000000000000000000000000001e000000000000001e000000000000001e00000000000093d368cb81010331530c,0000000000000000,0,0,0,"_","_"
253,13,0,0003fe602f61,000000000000000000000000000000000000000000000000000000000000001e000000000000001e000000000000001e00000000000093d368cb81010331530c,0000000000000000,0,0,0,"_","_"
254,14,0,0003fe602f62,000000000000000000000000000000000000000000000000000000000000001e000000000000001e000000000000001e00000000000093d368cb81010331530c,0000000000000000,0,0,0,"_","_"
255,15,0,0003fe602f63,000000000000000000000000000000000000000000000000000000000000001e000000000000001e000000000000001e00000000000093d368cb81010331530c,0000000000000000,0,0,0,"_","_"
256,0,1,0003fe603024,80fe0000000050380087d3e473ff0100000000000000000002ffc10003feff31530e00000000000080feff3a200000000060dd86c1000331530cd3e473ff3333,ffffffffffffffff,0,1,0,"Active","Stream Beat"
257,1,0,0003fe603025,000000000000000000000000000000000000000000000000000000000000001e00000000000007ead89bc1000331530c0101d3e473fefffb9002000000000000,00000000003fffff,0,1,1,"Active","Last Stream"
258,2,0,0003fe603026,000000000000000000000000000000000000000000000000000000000000001e00000000000007ead89bc1000331530c0101d3e473fefffb9002000000000000,0000000000000000,0,0,0,"_","_"
259,3,0,0003fe603027,000000000000000000000000000000000000000000000000000000000000001e00000000000007ead89bc1000331530c0101d3e473fefffb9002000000000000,0000000000000000,0,0,0,"_","_"
260,4,0,0003fe603028,000000000000000000000000000000000000000000000000000000000000001e00000000000007ead89bc1000331530c0101d3e473fefffb9002000000000000,0000000000000000,0,0,0,"_","_"
261,5,0,0003fe603029,000000000000000000000000000000000000000000000000000000000000001e00000000000007ead89bc1000331530c0101d3e473fefffb9002000000000000,0000000000000000,0,0,0,"_","_"
262,6,0,0003fe60302a,000000000000000000000000000000000000000000000000000000000000001e00000000000007ead89bc1000331530c0101d3e473fefffb9002000000000000,0000000000000000,0,0,0,"_","_"
263,7,0,0003fe60302b,000000000000000000000000000000000000000000000000000000000000001e00000000000007ead89bc1000331530c0101d3e473fefffb9002000000000000,0000000000000000,0,0,0,"_","_"
264,8,0,0003fe60302c,000000000000000000000000000000000000000000000000000000000000001e00000000000007ead89bc1000331530c0101d3e473fefffb9002000000000000,0000000000000000,0,0,0,"_","_"
265,9,0,0003fe60302d,000000000000000000000000000000000000000000000000000000000000001e00000000000007ead89bc1000331530c0101d3e473fefffb9002000000000000,0000000000000000,0,0,0,"_","_"
266,10,0,0003fe60302e,000000000000000000000000000000000000000000000000000000000000001e00000000000007ead89bc1000331530c0101d3e473fefffb9002000000000000,0000000000000000,0,0,0,"_","_"
267,11,0,0003fe60302f,000000000000000000000000000000000000000000000000000000000000001e00000000000007ead89bc1000331530c0101d3e473fefffb9002000000000000,0000000000000000,0,0,0,"_","_"
268,12,0,0003fe603030,000000000000000000000000000000000000000000000000000000000000001e00000000000007ead89bc1000331530c0101d3e473fefffb9002000000000000,0000000000000000,0,0,0,"_","_"
269,13,0,0003fe603031,000000000000000000000000000000000000000000000000000000000000001e00000000000007ead89bc1000331530c0101d3e473fefffb9002000000000000,0000000000000000,0,0,0,"_","_"
270,14,0,0003fe603032,000000000000000000000000000000000000000000000000000000000000001e00000000000007ead89bc1000331530c0101d3e473fefffb9002000000000000,0000000000000000,0,0,0,"_","_"
271,15,0,0003fe603033,000000000000000000000000000000000000000000000000000000000000001e00000000000007ead89bc1000331530c0101d3e473fefffb9002000000000000,0000000000000000,0,0,0,"_","_"
272,0,1,0003fe608a7b,80fe00000000ef610087d3e473ff0100000000000000000002ff91a063feff1452f600000000000080feff3a200000000060dd8691a0631452f4d3e473ff3333,ffffffffffffffff,0,1,0,"Active","Stream Beat"
273,1,0,0003fe608a7c,0000000000002cc79ebd91a0631452f40101d3e473fefffb900200000000000080fe00000000ef619ebd91a0631452f40101d3e473fefffb9002000000000000,00000000003fffff,0,1,1,"Active","Last Stream"
274,2,0,0003fe608a7d,0000000000000000000000000000000000000000000000000000000000002cc79ebd91a0631452f40101d3e473fefffb900200000000000080fe00000000ef61,0000000000000000,0,0,0,"_","_"
275,3,0,0003fe608a7e,0000000000000000000000000000000000000000000000000000000000002cc79ebd91a0631452f40101d3e473fefffb900200000000000080fe00000000ef61,0000000000000000,0,0,0,"_","_"
276,4,0,0003fe608a7f,0000000000000000000000000000000000000000000000000000000000002cc79ebd91a0631452f40101d3e473fefffb900200000000000080fe00000000ef61,0000000000000000,0,0,0,"_","_"
277,5,0,0003fe608a80,0000000000000000000000000000000000000000000000000000000000002cc79ebd91a0631452f40101d3e473fefffb900200000000000080fe00000000ef61,0000000000000000,0,0,0,"_","_"
278,6,0,0003fe608a81,0000000000000000000000000000000000000000000000000000000000002cc79ebd91a0631452f40101d3e473fefffb900200000000000080fe00000000ef61,0000000000000000,0,0,0,"_","_"
279,7,0,0003fe608a82,0000000000000000000000000000000000000000000000000000000000002cc79ebd91a0631452f40101d3e473fefffb900200000000000080fe00000000ef61,0000000000000000,0,0,0,"_","_"
280,8,0,0003fe608a83,0000000000000000000000000000000000000000000000000000000000002cc79ebd91a0631452f40101d3e473fefffb900200000000000080fe00000000ef61,0000000000000000,0,0,0,"_","_"
281,9,0,0003fe608a84,0000000000000000000000000000000000000000000000000000000000002cc79ebd91a0631452f40101d3e473fefffb900200000000000080fe00000000ef61,0000000000000000,0,0,0,"_","_"
282,10,0,0003fe608a85,0000000000000000000000000000000000000000000000000000000000002cc79ebd91a0631452f40101d3e473fefffb900200000000000080fe00000000ef61,0000000000000000,0,0,0,"_","_"
283,11,0,0003fe608a86,0000000000000000000000000000000000000000000000000000000000002cc79ebd91a0631452f40101d3e473fefffb900200000000000080fe00000000ef61,0000000000000000,0,0,0,"_","_"
284,12,0,0003fe608a87,0000000000000000000000000000000000000000000000000000000000002cc79ebd91a0631452f40101d3e473fefffb900200000000000080fe00000000ef61,0000000000000000,0,0,0,"_","_"
285,13,0,0003fe608a88,0000000000000000000000000000000000000000000000000000000000002cc79ebd91a0631452f40101d3e473fefffb900200000000000080fe00000000ef61,0000000000000000,0,0,0,"_","_"
286,14,0,0003fe608a89,0000000000000000000000000000000000000000000000000000000000002cc79ebd91a0631452f40101d3e473fefffb900200000000000080fe00000000ef61,0000000000000000,0,0,0,"_","_"
287,15,0,0003fe608a8a,0000000000000000000000000000000000000000000000000000000000002cc79ebd91a0631452f40101d3e473fefffb900200000000000080fe00000000ef61,0000000000000000,0,0,0,"_","_"
288,0,1,0003fe63284a,80fe0000000090380087d3e473ff0100000000000000000002ffa10003feff31530e00000000000080feff3a200000000060dd86a1000331530cd3e473ff3333,ffffffffffffffff,0,1,0,"Active","Stream Beat"
289,1,0,0003fe63284b,00000000000000000000000000000000000000000000001e000000000000001e000000000000c70598a3a1000331530c0101d3e473fefffb9002000000000000,00000000003fffff,0,1,1,"Active","Last Stream"
290,2,0,0003fe63284c,000000000000000000000000000000000000000000000000000000000000001e000000000000001e000000000000c70598a3a1000331530c0101d3e473fefffb,0000000000000000,0,0,0,"_","_"
291,3,0,0003fe63284d,000000000000000000000000000000000000000000000000000000000000001e000000000000001e000000000000c70598a3a1000331530c0101d3e473fefffb,0000000000000000,0,0,0,"_","_"
292,4,0,0003fe63284e,000000000000000000000000000000000000000000000000000000000000001e000000000000001e000000000000c70598a3a1000331530c0101d3e473fefffb,0000000000000000,0,0,0,"_","_"
293,5,0,0003fe63284f,000000000000000000000000000000000000000000000000000000000000001e000000000000001e000000000000c70598a3a1000331530c0101d3e473fefffb,0000000000000000,0,0,0,"_","_"
294,6,0,0003fe632850,000000000000000000000000000000000000000000000000000000000000001e000000000000001e000000000000c70598a3a1000331530c0101d3e473fefffb,0000000000000000,0,0,0,"_","_"
295,7,0,0003fe632851,000000000000000000000000000000000000000000000000000000000000001e000000000000001e000000000000c70598a3a1000331530c0101d3e473fefffb,0000000000000000,0,0,0,"_","_"
296,8,0,0003fe632852,000000000000000000000000000000000000000000000000000000000000001e000000000000001e000000000000c70598a3a1000331530c0101d3e473fefffb,0000000000000000,0,0,0,"_","_"
297,9,0,0003fe632853,000000000000000000000000000000000000000000000000000000000000001e000000000000001e000000000000c70598a3a1000331530c0101d3e473fefffb,0000000000000000,0,0,0,"_","_"
298,10,0,0003fe632854,000000000000000000000000000000000000000000000000000000000000001e000000000000001e000000000000c70598a3a1000331530c0101d3e473fefffb,0000000000000000,0,0,0,"_","_"
299,11,0,0003fe632855,000000000000000000000000000000000000000000000000000000000000001e000000000000001e000000000000c70598a3a1000331530c0101d3e473fefffb,0000000000000000,0,0,0,"_","_"
300,12,0,0003fe632856,000000000000000000000000000000000000000000000000000000000000001e000000000000001e000000000000c70598a3a1000331530c0101d3e473fefffb,0000000000000000,0,0,0,"_","_"
301,13,0,0003fe632857,000000000000000000000000000000000000000000000000000000000000001e000000000000001e000000000000c70598a3a1000331530c0101d3e473fefffb,0000000000000000,0,0,0,"_","_"
302,14,0,0003fe632858,000000000000000000000000000000000000000000000000000000000000001e000000000000001e000000000000c70598a3a1000331530c0101d3e473fefffb,0000000000000000,0,0,0,"_","_"
303,15,0,0003fe632859,000000000000000000000000000000000000000000000000000000000000001e000000000000001e000000000000c70598a3a1000331530c0101d3e473fefffb,0000000000000000,0,0,0,"_","_"
304,0,1,0003fe639503,80fe0000000050390087d3e473ff0100000000000000000002ff410003feff31530e00000000000080feff3a200000000060dd8641000331530cd3e473ff3333,ffffffffffffffff,0,1,0,"Active","Stream Beat"
305,1,0,0003fe639504,00000000000000000000000000000000000000000000001e000000000000001e00000000000056f53d5041000331530c0101d3e473fefffb9002000000000000,00000000003fffff,0,1,1,"Active","Last Stream"
306,2,0,0003fe639505,000000000000000000000000000000000000000000000000000000000000001e000000000000001e00000000000056f53d5041000331530c0101d3e473fefffb,0000000000000000,0,0,0,"_","_"
307,3,0,0003fe639506,000000000000000000000000000000000000000000000000000000000000001e000000000000001e00000000000056f53d5041000331530c0101d3e473fefffb,0000000000000000,0,0,0,"_","_"
308,4,0,0003fe639507,000000000000000000000000000000000000000000000000000000000000001e000000000000001e00000000000056f53d5041000331530c0101d3e473fefffb,0000000000000000,0,0,0,"_","_"
309,5,0,0003fe639508,000000000000000000000000000000000000000000000000000000000000001e000000000000001e00000000000056f53d5041000331530c0101d3e473fefffb,0000000000000000,0,0,0,"_","_"
310,6,0,0003fe639509,000000000000000000000000000000000000000000000000000000000000001e000000000000001e00000000000056f53d5041000331530c0101d3e473fefffb,0000000000000000,0,0,0,"_","_"
311,7,0,0003fe63950a,000000000000000000000000000000000000000000000000000000000000001e000000000000001e00000000000056f53d5041000331530c0101d3e473fefffb,0000000000000000,0,0,0,"_","_"
312,8,0,0003fe63950b,000000000000000000000000000000000000000000000000000000000000001e000000000000001e00000000000056f53d5041000331530c0101d3e473fefffb,0000000000000000,0,0,0,"_","_"
313,9,0,0003fe63950c,000000000000000000000000000000000000000000000000000000000000001e000000000000001e00000000000056f53d5041000331530c0101d3e473fefffb,0000000000000000,0,0,0,"_","_"
314,10,0,0003fe63950d,000000000000000000000000000000000000000000000000000000000000001e000000000000001e00000000000056f53d5041000331530c0101d3e473fefffb,0000000000000000,0,0,0,"_","_"
315,11,0,0003fe63950e,000000000000000000000000000000000000000000000000000000000000001e000000000000001e00000000000056f53d5041000331530c0101d3e473fefffb,0000000000000000,0,0,0,"_","_"
316,12,0,0003fe63950f,000000000000000000000000000000000000000000000000000000000000001e000000000000001e00000000000056f53d5041000331530c0101d3e473fefffb,0000000000000000,0,0,0,"_","_"
317,13,0,0003fe639510,000000000000000000000000000000000000000000000000000000000000001e000000000000001e00000000000056f53d5041000331530c0101d3e473fefffb,0000000000000000,0,0,0,"_","_"
318,14,0,0003fe639511,000000000000000000000000000000000000000000000000000000000000001e000000000000001e00000000000056f53d5041000331530c0101d3e473fefffb,0000000000000000,0,0,0,"_","_"
319,15,0,0003fe639512,000000000000000000000000000000000000000000000000000000000000001e000000000000001e00000000000056f53d5041000331530c0101d3e473fefffb,0000000000000000,0,0,0,"_","_"
320,0,1,0003fe64027a,80fe0000000050380087d3e473ff0100000000000000000002ffc10003feff31530e00000000000080feff3a200000000060dd86c1000331530cd3e473ff3333,ffffffffffffffff,0,1,0,"Active","Stream Beat"
321,1,0,0003fe64027b,000000000000001e000000000000001e000000000000001e000000000000001e00000000000007ead89bc1000331530c0101d3e473fefffb9002000000000000,00000000003fffff,0,1,1,"Active","Last Stream"
322,2,0,0003fe64027c,000000000000000000000000000000000000000000000000000000000000001e000000000000001e000000000000001e000000000000001e00000000000007ea,0000000000000000,0,0,0,"_","_"
323,3,0,0003fe64027d,000000000000000000000000000000000000000000000000000000000000001e000000000000001e000000000000001e000000000000001e00000000000007ea,0000000000000000,0,0,0,"_","_"
324,4,0,0003fe64027e,000000000000000000000000000000000000000000000000000000000000001e000000000000001e000000000000001e000000000000001e00000000000007ea,0000000000000000,0,0,0,"_","_"
325,5,0,0003fe64027f,000000000000000000000000000000000000000000000000000000000000001e000000000000001e000000000000001e000000000000001e00000000000007ea,0000000000000000,0,0,0,"_","_"
326,6,0,0003fe640280,000000000000000000000000000000000000000000000000000000000000001e000000000000001e000000000000001e000000000000001e00000000000007ea,0000000000000000,0,0,0,"_","_"
327,7,0,0003fe640281,000000000000000000000000000000000000000000000000000000000000001e000000000000001e000000000000001e000000000000001e00000000000007ea,0000000000000000,0,0,0,"_","_"
328,8,0,0003fe640282,000000000000000000000000000000000000000000000000000000000000001e000000000000001e000000000000001e000000000000001e00000000000007ea,0000000000000000,0,0,0,"_","_"
329,9,0,0003fe640283,000000000000000000000000000000000000000000000000000000000000001e000000000000001e000000000000001e000000000000001e00000000000007ea,0000000000000000,0,0,0,"_","_"
330,10,0,0003fe640284,000000000000000000000000000000000000000000000000000000000000001e000000000000001e000000000000001e000000000000001e00000000000007ea,0000000000000000,0,0,0,"_","_"
331,11,0,0003fe640285,000000000000000000000000000000000000000000000000000000000000001e000000000000001e000000000000001e000000000000001e00000000000007ea,0000000000000000,0,0,0,"_","_"
332,12,0,0003fe640286,000000000000000000000000000000000000000000000000000000000000001e000000000000001e000000000000001e000000000000001e00000000000007ea,0000000000000000,0,0,0,"_","_"
333,13,0,0003fe640287,000000000000000000000000000000000000000000000000000000000000001e000000000000001e000000000000001e000000000000001e00000000000007ea,0000000000000000,0,0,0,"_","_"
334,14,0,0003fe640288,000000000000000000000000000000000000000000000000000000000000001e000000000000001e000000000000001e000000000000001e00000000000007ea,0000000000000000,0,0,0,"_","_"
335,15,0,0003fe640289,000000000000000000000000000000000000000000000000000000000000001e000000000000001e000000000000001e000000000000001e00000000000007ea,0000000000000000,0,0,0,"_","_"
336,0,1,0003fe6475f1,80fe00000000ef610087d3e473ff0100000000000000000002ff91a063feff1452f600000000000080feff3a200000000060dd8691a0631452f4d3e473ff3333,ffffffffffffffff,0,1,0,"Active","Stream Beat"
337,1,0,0003fe6475f2,0000000000002cc79ebd91a0631452f40101d3e473fefffb900200000000000080fe00000000ef619ebd91a0631452f40101d3e473fefffb9002000000000000,00000000003fffff,0,1,1,"Active","Last Stream"
338,2,0,0003fe6475f3,0000000000000000000000000000000000000000000000000000000000002cc79ebd91a0631452f40101d3e473fefffb900200000000000080fe00000000ef61,0000000000000000,0,0,0,"_","_"
339,3,0,0003fe6475f4,0000000000000000000000000000000000000000000000000000000000002cc79ebd91a0631452f40101d3e473fefffb900200000000000080fe00000000ef61,0000000000000000,0,0,0,"_","_"
340,4,0,0003fe6475f5,0000000000000000000000000000000000000000000000000000000000002cc79ebd91a0631452f40101d3e473fefffb900200000000000080fe00000000ef61,0000000000000000,0,0,0,"_","_"
341,5,0,0003fe6475f6,0000000000000000000000000000000000000000000000000000000000002cc79ebd91a0631452f40101d3e473fefffb900200000000000080fe00000000ef61,0000000000000000,0,0,0,"_","_"
342,6,0,0003fe6475f7,0000000000000000000000000000000000000000000000000000000000002cc79ebd91a0631452f40101d3e473fefffb900200000000000080fe00000000ef61,0000000000000000,0,0,0,"_","_"
343,7,0,0003fe6475f8,0000000000000000000000000000000000000000000000000000000000002cc79ebd91a0631452f40101d3e473fefffb900200000000000080fe00000000ef61,0000000000000000,0,0,0,"_","_"
344,8,0,0003fe6475f9,0000000000000000000000000000000000000000000000000000000000002cc79ebd91a0631452f40101d3e473fefffb900200000000000080fe00000000ef61,0000000000000000,0,0,0,"_","_"
345,9,0,0003fe6475fa,0000000000000000000000000000000000000000000000000000000000002cc79ebd91a0631452f40101d3e473fefffb900200000000000080fe00000000ef61,0000000000000000,0,0,0,"_","_"
346,10,0,0003fe6475fb,0000000000000000000000000000000000000000000000000000000000002cc79ebd91a0631452f40101d3e473fefffb900200000000000080fe00000000ef61,0000000000000000,0,0,0,"_","_"
347,11,0,0003fe6475fc,0000000000000000000000000000000000000000000000000000000000002cc79ebd91a0631452f40101d3e473fefffb900200000000000080fe00000000ef61,0000000000000000,0,0,0,"_","_"
348,12,0,0003fe6475fd,0000000000000000000000000000000000000000000000000000000000002cc79ebd91a0631452f40101d3e473fefffb900200000000000080fe00000000ef61,0000000000000000,0,0,0,"_","_"
349,13,0,0003fe6475fe,0000000000000000000000000000000000000000000000000000000000002cc79ebd91a0631452f40101d3e473fefffb900200000000000080fe00000000ef61,0000000000000000,0,0,0,"_","_"
350,14,0,0003fe6475ff,0000000000000000000000000000000000000000000000000000000000002cc79ebd91a0631452f40101d3e473fefffb900200000000000080fe00000000ef61,0000000000000000,0,0,0,"_","_"
351,15,0,0003fe647600,0000000000000000000000000000000000000000000000000000000000002cc79ebd91a0631452f40101d3e473fefffb900200000000000080fe00000000ef61,0000000000000000,0,0,0,"_","_"
352,0,1,0004119ab12c,80fe0000000090360087d3e473ff0100000000000000000002ffa10103feff31530e00000000000080feff3a200000000060dd86a1010331530cd3e473ff3333,ffffffffffffffff,0,1,0,"Active","Stream Beat"
353,1,0,0004119ab12d,000000000000001e000000000000001e000000000000001e000000000000001e0000000000006559551ca1010331530c0101d3e473fefffb9002000000000000,00000000003fffff,0,1,1,"Active","Last Stream"
354,2,0,0004119ab12e,000000000000000000000000000000000000000000000000000000000000001e000000000000001e000000000000001e000000000000001e0000000000006559,0000000000000000,0,0,0,"_","_"
355,3,0,0004119ab12f,000000000000000000000000000000000000000000000000000000000000001e000000000000001e000000000000001e000000000000001e0000000000006559,0000000000000000,0,0,0,"_","_"
356,4,0,0004119ab130,000000000000000000000000000000000000000000000000000000000000001e000000000000001e000000000000001e000000000000001e0000000000006559,0000000000000000,0,0,0,"_","_"
357,5,0,0004119ab131,000000000000000000000000000000000000000000000000000000000000001e000000000000001e000000000000001e000000000000001e0000000000006559,0000000000000000,0,0,0,"_","_"
358,6,0,0004119ab132,000000000000000000000000000000000000000000000000000000000000001e000000000000001e000000000000001e000000000000001e0000000000006559,0000000000000000,0,0,0,"_","_"
359,7,0,0004119ab133,000000000000000000000000000000000000000000000000000000000000001e000000000000001e000000000000001e000000000000001e0000000000006559,0000000000000000,0,0,0,"_","_"
360,8,0,0004119ab134,000000000000000000000000000000000000000000000000000000000000001e000000000000001e000000000000001e000000000000001e0000000000006559,0000000000000000,0,0,0,"_","_"
361,9,0,0004119ab135,000000000000000000000000000000000000000000000000000000000000001e000000000000001e000000000000001e000000000000001e0000000000006559,0000000000000000,0,0,0,"_","_"
362,10,0,0004119ab136,000000000000000000000000000000000000000000000000000000000000001e000000000000001e000000000000001e000000000000001e0000000000006559,0000000000000000,0,0,0,"_","_"
363,11,0,0004119ab137,000000000000000000000000000000000000000000000000000000000000001e000000000000001e000000000000001e000000000000001e0000000000006559,0000000000000000,0,0,0,"_","_"
364,12,0,0004119ab138,000000000000000000000000000000000000000000000000000000000000001e000000000000001e000000000000001e000000000000001e0000000000006559,0000000000000000,0,0,0,"_","_"
365,13,0,0004119ab139,000000000000000000000000000000000000000000000000000000000000001e000000000000001e000000000000001e000000000000001e0000000000006559,0000000000000000,0,0,0,"_","_"
366,14,0,0004119ab13a,000000000000000000000000000000000000000000000000000000000000001e000000000000001e000000000000001e000000000000001e0000000000006559,0000000000000000,0,0,0,"_","_"
367,15,0,0004119ab13b,000000000000000000000000000000000000000000000000000000000000001e000000000000001e000000000000001e000000000000001e0000000000006559,0000000000000000,0,0,0,"_","_"
368,0,1,000411b51f25,80fe00000000ef610087d3e473ff0100000000000000000002ff91a063feff1452f600000000000080feff3a200000000060dd8691a0631452f4d3e473ff3333,ffffffffffffffff,0,1,0,"Active","Stream Beat"
369,1,0,000411b51f26,00000000000000000000000000000000000000000000001e000000000000001e0000000000002cc79ebd91a0631452f40101d3e473fefffb9002000000000000,00000000003fffff,0,1,1,"Active","Last Stream"
370,2,0,000411b51f27,000000000000000000000000000000000000000000000000000000000000001e000000000000001e0000000000002cc79ebd91a0631452f40101d3e473fefffb,0000000000000000,0,0,0,"_","_"
371,3,0,000411b51f28,000000000000000000000000000000000000000000000000000000000000001e000000000000001e0000000000002cc79ebd91a0631452f40101d3e473fefffb,0000000000000000,0,0,0,"_","_"
372,4,0,000411b51f29,000000000000000000000000000000000000000000000000000000000000001e000000000000001e0000000000002cc79ebd91a0631452f40101d3e473fefffb,0000000000000000,0,0,0,"_","_"
373,5,0,000411b51f2a,000000000000000000000000000000000000000000000000000000000000001e000000000000001e0000000000002cc79ebd91a0631452f40101d3e473fefffb,0000000000000000,0,0,0,"_","_"
374,6,0,000411b51f2b,000000000000000000000000000000000000000000000000000000000000001e000000000000001e0000000000002cc79ebd91a0631452f40101d3e473fefffb,0000000000000000,0,0,0,"_","_"
375,7,0,000411b51f2c,000000000000000000000000000000000000000000000000000000000000001e000000000000001e0000000000002cc79ebd91a0631452f40101d3e473fefffb,0000000000000000,0,0,0,"_","_"
376,8,0,000411b51f2d,000000000000000000000000000000000000000000000000000000000000001e000000000000001e0000000000002cc79ebd91a0631452f40101d3e473fefffb,0000000000000000,0,0,0,"_","_"
377,9,0,000411b51f2e,000000000000000000000000000000000000000000000000000000000000001e000000000000001e0000000000002cc79ebd91a0631452f40101d3e473fefffb,0000000000000000,0,0,0,"_","_"
378,10,0,000411b51f2f,000000000000000000000000000000000000000000000000000000000000001e000000000000001e0000000000002cc79ebd91a0631452f40101d3e473fefffb,0000000000000000,0,0,0,"_","_"
379,11,0,000411b51f30,000000000000000000000000000000000000000000000000000000000000001e000000000000001e0000000000002cc79ebd91a0631452f40101d3e473fefffb,0000000000000000,0,0,0,"_","_"
380,12,0,000411b51f31,000000000000000000000000000000000000000000000000000000000000001e000000000000001e0000000000002cc79ebd91a0631452f40101d3e473fefffb,0000000000000000,0,0,0,"_","_"
381,13,0,000411b51f32,000000000000000000000000000000000000000000000000000000000000001e000000000000001e0000000000002cc79ebd91a0631452f40101d3e473fefffb,0000000000000000,0,0,0,"_","_"
382,14,0,000411b51f33,000000000000000000000000000000000000000000000000000000000000001e000000000000001e0000000000002cc79ebd91a0631452f40101d3e473fefffb,0000000000000000,0,0,0,"_","_"
383,15,0,000411b51f34,000000000000000000000000000000000000000000000000000000000000001e000000000000001e0000000000002cc79ebd91a0631452f40101d3e473fefffb,0000000000000000,0,0,0,"_","_"
384,0,1,000411b5ca11,80fe00000000ef610087d3e473ff0100000000000000000002ff91a063feff1452f600000000000080feff3a200000000060dd8691a0631452f4d3e473ff3333,ffffffffffffffff,0,1,0,"Active","Stream Beat"
385,1,0,000411b5ca12,00000000000000000000000000000000000000000000001e000000000000001e0000000000002cc79ebd91a0631452f40101d3e473fefffb9002000000000000,00000000003fffff,0,1,1,"Active","Last Stream"
386,2,0,000411b5ca13,000000000000000000000000000000000000000000000000000000000000001e000000000000001e0000000000002cc79ebd91a0631452f40101d3e473fefffb,0000000000000000,0,0,0,"_","_"
387,3,0,000411b5ca14,000000000000000000000000000000000000000000000000000000000000001e000000000000001e0000000000002cc79ebd91a0631452f40101d3e473fefffb,0000000000000000,0,0,0,"_","_"
388,4,0,000411b5ca15,000000000000000000000000000000000000000000000000000000000000001e000000000000001e0000000000002cc79ebd91a0631452f40101d3e473fefffb,0000000000000000,0,0,0,"_","_"
389,5,0,000411b5ca16,000000000000000000000000000000000000000000000000000000000000001e000000000000001e0000000000002cc79ebd91a0631452f40101d3e473fefffb,0000000000000000,0,0,0,"_","_"
390,6,0,000411b5ca17,000000000000000000000000000000000000000000000000000000000000001e000000000000001e0000000000002cc79ebd91a0631452f40101d3e473fefffb,0000000000000000,0,0,0,"_","_"
391,7,0,000411b5ca18,000000000000000000000000000000000000000000000000000000000000001e000000000000001e0000000000002cc79ebd91a0631452f40101d3e473fefffb,0000000000000000,0,0,0,"_","_"
392,8,0,000411b5ca19,000000000000000000000000000000000000000000000000000000000000001e000000000000001e0000000000002cc79ebd91a0631452f40101d3e473fefffb,0000000000000000,0,0,0,"_","_"
393,9,0,000411b5ca1a,000000000000000000000000000000000000000000000000000000000000001e000000000000001e0000000000002cc79ebd91a0631452f40101d3e473fefffb,0000000000000000,0,0,0,"_","_"
394,10,0,000411b5ca1b,000000000000000000000000000000000000000000000000000000000000001e000000000000001e0000000000002cc79ebd91a0631452f40101d3e473fefffb,0000000000000000,0,0,0,"_","_"
395,11,0,000411b5ca1c,000000000000000000000000000000000000000000000000000000000000001e000000000000001e0000000000002cc79ebd91a0631452f40101d3e473fefffb,0000000000000000,0,0,0,"_","_"
396,12,0,000411b5ca1d,000000000000000000000000000000000000000000000000000000000000001e000000000000001e0000000000002cc79ebd91a0631452f40101d3e473fefffb,0000000000000000,0,0,0,"_","_"
397,13,0,000411b5ca1e,000000000000000000000000000000000000000000000000000000000000001e000000000000001e0000000000002cc79ebd91a0631452f40101d3e473fefffb,0000000000000000,0,0,0,"_","_"
398,14,0,000411b5ca1f,000000000000000000000000000000000000000000000000000000000000001e000000000000001e0000000000002cc79ebd91a0631452f40101d3e473fefffb,0000000000000000,0,0,0,"_","_"
399,15,0,000411b5ca20,000000000000000000000000000000000000000000000000000000000000001e000000000000001e0000000000002cc79ebd91a0631452f40101d3e473fefffb,0000000000000000,0,0,0,"_","_"
400,0,1,000411b5fe31,80fe0000000090380087d3e473ff0100000000000000000002ffa10003feff31530e00000000000080feff3a200000000060dd86a1000331530cd3e473ff3333,ffffffffffffffff,0,1,0,"Active","Stream Beat"
401,1,0,000411b5fe32,00000000000000000000000000000000000000000000001e000000000000001e000000000000c70598a3a1000331530c0101d3e473fefffb9002000000000000,00000000003fffff,0,1,1,"Active","Last Stream"
402,2,0,000411b5fe33,000000000000000000000000000000000000000000000000000000000000001e000000000000001e000000000000c70598a3a1000331530c0101d3e473fefffb,0000000000000000,0,0,0,"_","_"
403,3,0,000411b5fe34,000000000000000000000000000000000000000000000000000000000000001e000000000000001e000000000000c70598a3a1000331530c0101d3e473fefffb,0000000000000000,0,0,0,"_","_"
404,4,0,000411b5fe35,000000000000000000000000000000000000000000000000000000000000001e000000000000001e000000000000c70598a3a1000331530c0101d3e473fefffb,0000000000000000,0,0,0,"_","_"
405,5,0,000411b5fe36,000000000000000000000000000000000000000000000000000000000000001e000000000000001e000000000000c70598a3a1000331530c0101d3e473fefffb,0000000000000000,0,0,0,"_","_"
406,6,0,000411b5fe37,000000000000000000000000000000000000000000000000000000000000001e000000000000001e000000000000c70598a3a1000331530c0101d3e473fefffb,0000000000000000,0,0,0,"_","_"
407,7,0,000411b5fe38,000000000000000000000000000000000000000000000000000000000000001e000000000000001e000000000000c70598a3a1000331530c0101d3e473fefffb,0000000000000000,0,0,0,"_","_"
408,8,0,000411b5fe39,000000000000000000000000000000000000000000000000000000000000001e000000000000001e000000000000c70598a3a1000331530c0101d3e473fefffb,0000000000000000,0,0,0,"_","_"
409,9,0,000411b5fe3a,000000000000000000000000000000000000000000000000000000000000001e000000000000001e000000000000c70598a3a1000331530c0101d3e473fefffb,0000000000000000,0,0,0,"_","_"
410,10,0,000411b5fe3b,000000000000000000000000000000000000000000000000000000000000001e000000000000001e000000000000c70598a3a1000331530c0101d3e473fefffb,0000000000000000,0,0,0,"_","_"
411,11,0,000411b5fe3c,000000000000000000000000000000000000000000000000000000000000001e000000000000001e000000000000c70598a3a1000331530c0101d3e473fefffb,0000000000000000,0,0,0,"_","_"
412,12,0,000411b5fe3d,000000000000000000000000000000000000000000000000000000000000001e000000000000001e000000000000c70598a3a1000331530c0101d3e473fefffb,0000000000000000,0,0,0,"_","_"
413,13,0,000411b5fe3e,000000000000000000000000000000000000000000000000000000000000001e000000000000001e000000000000c70598a3a1000331530c0101d3e473fefffb,0000000000000000,0,0,0,"_","_"
414,14,0,000411b5fe3f,000000000000000000000000000000000000000000000000000000000000001e000000000000001e000000000000c70598a3a1000331530c0101d3e473fefffb,0000000000000000,0,0,0,"_","_"
415,15,0,000411b5fe40,000000000000000000000000000000000000000000000000000000000000001e000000000000001e000000000000c70598a3a1000331530c0101d3e473fefffb,0000000000000000,0,0,0,"_","_"
416,0,1,000411b798db,80fe0000000090380087d3e473ff0100000000000000000002ffa10003feff31530e00000000000080feff3a200000000060dd86a1000331530cd3e473ff3333,ffffffffffffffff,0,1,0,"Active","Stream Beat"
417,1,0,000411b798dc,000000000000001e000000000000001e000000000000001e000000000000001e000000000000c70598a3a1000331530c0101d3e473fefffb9002000000000000,00000000003fffff,0,1,1,"Active","Last Stream"
418,2,0,000411b798dd,000000000000000000000000000000000000000000000000000000000000001e000000000000001e000000000000001e000000000000001e000000000000c705,0000000000000000,0,0,0,"_","_"
419,3,0,000411b798de,000000000000000000000000000000000000000000000000000000000000001e000000000000001e000000000000001e000000000000001e000000000000c705,0000000000000000,0,0,0,"_","_"
420,4,0,000411b798df,000000000000000000000000000000000000000000000000000000000000001e000000000000001e000000000000001e000000000000001e000000000000c705,0000000000000000,0,0,0,"_","_"
421,5,0,000411b798e0,000000000000000000000000000000000000000000000000000000000000001e000000000000001e000000000000001e000000000000001e000000000000c705,0000000000000000,0,0,0,"_","_"
422,6,0,000411b798e1,000000000000000000000000000000000000000000000000000000000000001e000000000000001e000000000000001e000000000000001e000000000000c705,0000000000000000,0,0,0,"_","_"
423,7,0,000411b798e2,000000000000000000000000000000000000000000000000000000000000001e000000000000001e000000000000001e000000000000001e000000000000c705,0000000000000000,0,0,0,"_","_"
424,8,0,000411b798e3,000000000000000000000000000000000000000000000000000000000000001e000000000000001e000000000000001e000000000000001e000000000000c705,0000000000000000,0,0,0,"_","_"
425,9,0,000411b798e4,000000000000000000000000000000000000000000000000000000000000001e000000000000001e000000000000001e000000000000001e000000000000c705,0000000000000000,0,0,0,"_","_"
426,10,0,000411b798e5,000000000000000000000000000000000000000000000000000000000000001e000000000000001e000000000000001e000000000000001e000000000000c705,0000000000000000,0,0,0,"_","_"
427,11,0,000411b798e6,000000000000000000000000000000000000000000000000000000000000001e000000000000001e000000000000001e000000000000001e000000000000c705,0000000000000000,0,0,0,"_","_"
428,12,0,000411b798e7,000000000000000000000000000000000000000000000000000000000000001e000000000000001e000000000000001e000000000000001e000000000000c705,0000000000000000,0,0,0,"_","_"
429,13,0,000411b798e8,000000000000000000000000000000000000000000000000000000000000001e000000000000001e000000000000001e000000000000001e000000000000c705,0000000000000000,0,0,0,"_","_"
430,14,0,000411b798e9,000000000000000000000000000000000000000000000000000000000000001e000000000000001e000000000000001e000000000000001e000000000000c705,0000000000000000,0,0,0,"_","_"
431,15,0,000411b798ea,000000000000000000000000000000000000000000000000000000000000001e000000000000001e000000000000001e000000000000001e000000000000c705,0000000000000000,0,0,0,"_","_"
432,0,1,000411b97c0d,80fe0000000050390087d3e473ff0100000000000000000002ff410003feff31530e00000000000080feff3a200000000060dd8641000331530cd3e473ff3333,ffffffffffffffff,0,1,0,"Active","Stream Beat"
433,1,0,000411b97c0e,0000000000000000000000000000001e000000000000001e000000000000001e00000000000056f53d5041000331530c0101d3e473fefffb9002000000000000,00000000003fffff,0,1,1,"Active","Last Stream"
434,2,0,000411b97c0f,000000000000000000000000000000000000000000000000000000000000001e000000000000001e000000000000001e00000000000056f53d5041000331530c,0000000000000000,0,0,0,"_","_"
435,3,0,000411b97c10,000000000000000000000000000000000000000000000000000000000000001e000000000000001e000000000000001e00000000000056f53d5041000331530c,0000000000000000,0,0,0,"_","_"
436,4,0,000411b97c11,000000000000000000000000000000000000000000000000000000000000001e000000000000001e000000000000001e00000000000056f53d5041000331530c,0000000000000000,0,0,0,"_","_"
437,5,0,000411b97c12,000000000000000000000000000000000000000000000000000000000000001e000000000000001e000000000000001e00000000000056f53d5041000331530c,0000000000000000,0,0,0,"_","_"
438,6,0,000411b97c13,000000000000000000000000000000000000000000000000000000000000001e000000000000001e000000000000001e00000000000056f53d5041000331530c,0000000000000000,0,0,0,"_","_"
439,7,0,000411b97c14,000000000000000000000000000000000000000000000000000000000000001e000000000000001e000000000000001e00000000000056f53d5041000331530c,0000000000000000,0,0,0,"_","_"
440,8,0,000411b97c15,000000000000000000000000000000000000000000000000000000000000001e000000000000001e000000000000001e00000000000056f53d5041000331530c,0000000000000000,0,0,0,"_","_"
441,9,0,000411b97c16,000000000000000000000000000000000000000000000000000000000000001e000000000000001e000000000000001e00000000000056f53d5041000331530c,0000000000000000,0,0,0,"_","_"
442,10,0,000411b97c17,000000000000000000000000000000000000000000000000000000000000001e000000000000001e000000000000001e00000000000056f53d5041000331530c,0000000000000000,0,0,0,"_","_"
443,11,0,000411b97c18,000000000000000000000000000000000000000000000000000000000000001e000000000000001e000000000000001e00000000000056f53d5041000331530c,0000000000000000,0,0,0,"_","_"
444,12,0,000411b97c19,000000000000000000000000000000000000000000000000000000000000001e000000000000001e000000000000001e00000000000056f53d5041000331530c,0000000000000000,0,0,0,"_","_"
445,13,0,000411b97c1a,000000000000000000000000000000000000000000000000000000000000001e000000000000001e000000000000001e00000000000056f53d5041000331530c,0000000000000000,0,0,0,"_","_"
446,14,0,000411b97c1b,000000000000000000000000000000000000000000000000000000000000001e000000000000001e000000000000001e00000000000056f53d5041000331530c,0000000000000000,0,0,0,"_","_"
447,15,0,000411b97c1c,000000000000000000000000000000000000000000000000000000000000001e000000000000001e000000000000001e00000000000056f53d5041000331530c,0000000000000000,0,0,0,"_","_"
448,0,1,000411bb331d,80fe0000000050390087d3e473ff0100000000000000000002ff410003feff31530e00000000000080feff3a200000000060dd8641000331530cd3e473ff3333,ffffffffffffffff,0,1,0,"Active","Stream Beat"
449,1,0,000411bb331e,00000000000056f53d5041000331530c0101d3e473fefffb900200000000000080fe0000000050393d5041000331530c0101d3e473fefffb9002000000000000,00000000003fffff,0,1,1,"Active","Last Stream"
450,2,0,000411bb331f,00000000000000000000000000000000000000000000000000000000000056f53d5041000331530c0101d3e473fefffb900200000000000080fe000000005039,0000000000000000,0,0,0,"_","_"
451,3,0,000411bb3320,00000000000000000000000000000000000000000000000000000000000056f53d5041000331530c0101d3e473fefffb900200000000000080fe000000005039,0000000000000000,0,0,0,"_","_"
452,4,0,000411bb3321,00000000000000000000000000000000000000000000000000000000000056f53d5041000331530c0101d3e473fefffb900200000000000080fe000000005039,0000000000000000,0,0,0,"_","_"
453,5,0,000411bb3322,00000000000000000000000000000000000000000000000000000000000056f53d5041000331530c0101d3e473fefffb900200000000000080fe000000005039,0000000000000000,0,0,0,"_","_"
454,6,0,000411bb3323,00000000000000000000000000000000000000000000000000000000000056f53d5041000331530c0101d3e473fefffb900200000000000080fe000000005039,0000000000000000,0,0,0,"_","_"
455,7,0,000411bb3324,00000000000000000000000000000000000000000000000000000000000056f53d5041000331530c0101d3e473fefffb900200000000000080fe000000005039,0000000000000000,0,0,0,"_","_"
456,8,0,000411bb3325,00000000000000000000000000000000000000000000000000000000000056f53d5041000331530c0101d3e473fefffb900200000000000080fe000000005039,0000000000000000,0,0,0,"_","_"
457,9,0,000411bb3326,00000000000000000000000000000000000000000000000000000000000056f53d5041000331530c0101d3e473fefffb900200000000000080fe000000005039,0000000000000000,0,0,0,"_","_"
458,10,0,000411bb3327,00000000000000000000000000000000000000000000000000000000000056f53d5041000331530c0101d3e473fefffb900200000000000080fe000000005039,0000000000000000,0,0,0,"_","_"
459,11,0,000411bb3328,00000000000000000000000000000000000000000000000000000000000056f53d5041000331530c0101d3e473fefffb900200000000000080fe000000005039,0000000000000000,0,0,0,"_","_"
460,12,0,000411bb3329,00000000000000000000000000000000000000000000000000000000000056f53d5041000331530c0101d3e473fefffb900200000000000080fe000000005039,0000000000000000,0,0,0,"_","_"
461,13,0,000411bb332a,00000000000000000000000000000000000000000000000000000000000056f53d5041000331530c0101d3e473fefffb900200000000000080fe000000005039,0000000000000000,0,0,0,"_","_"
462,14,0,000411bb332b,00000000000000000000000000000000000000000000000000000000000056f53d5041000331530c0101d3e473fefffb900200000000000080fe000000005039,0000000000000000,0,0,0,"_","_"
463,15,0,000411bb332c,00000000000000000000000000000000000000000000000000000000000056f53d5041000331530c0101d3e473fefffb900200000000000080fe000000005039,0000000000000000,0,0,0,"_","_"
464,0,1,000411e843e2,80fe0000000010370087d3e473ff0100000000000000000002ff610103feff31530e00000000000080feff3a200000000060dd8661010331530cd3e473ff3333,ffffffffffffffff,0,1,0,"Active","Stream Beat"
465,1,0,000411e843e3,000000000000000000000000000000000000000000000000000000000000001e0000000000000223cd3861010331530c0101d3e473fefffb9002000000000000,00000000003fffff,0,1,1,"Active","Last Stream"
466,2,0,000411e843e4,000000000000000000000000000000000000000000000000000000000000001e0000000000000223cd3861010331530c0101d3e473fefffb9002000000000000,0000000000000000,0,0,0,"_","_"
467,3,0,000411e843e5,000000000000000000000000000000000000000000000000000000000000001e0000000000000223cd3861010331530c0101d3e473fefffb9002000000000000,0000000000000000,0,0,0,"_","_"
468,4,0,000411e843e6,000000000000000000000000000000000000000000000000000000000000001e0000000000000223cd3861010331530c0101d3e473fefffb9002000000000000,0000000000000000,0,0,0,"_","_"
469,5,0,000411e843e7,000000000000000000000000000000000000000000000000000000000000001e0000000000000223cd3861010331530c0101d3e473fefffb9002000000000000,0000000000000000,0,0,0,"_","_"
470,6,0,000411e843e8,000000000000000000000000000000000000000000000000000000000000001e0000000000000223cd3861010331530c0101d3e473fefffb9002000000000000,0000000000000000,0,0,0,"_","_"
471,7,0,000411e843e9,000000000000000000000000000000000000000000000000000000000000001e0000000000000223cd3861010331530c0101d3e473fefffb9002000000000000,0000000000000000,0,0,0,"_","_"
472,8,0,000411e843ea,000000000000000000000000000000000000000000000000000000000000001e0000000000000223cd3861010331530c0101d3e473fefffb9002000000000000,0000000000000000,0,0,0,"_","_"
473,9,0,000411e843eb,000000000000000000000000000000000000000000000000000000000000001e0000000000000223cd3861010331530c0101d3e473fefffb9002000000000000,0000000000000000,0,0,0,"_","_"
474,10,0,000411e843ec,000000000000000000000000000000000000000000000000000000000000001e0000000000000223cd3861010331530c0101d3e473fefffb9002000000000000,0000000000000000,0,0,0,"_","_"
475,11,0,000411e843ed,000000000000000000000000000000000000000000000000000000000000001e0000000000000223cd3861010331530c0101d3e473fefffb9002000000000000,0000000000000000,0,0,0,"_","_"
476,12,0,000411e843ee,000000000000000000000000000000000000000000000000000000000000001e0000000000000223cd3861010331530c0101d3e473fefffb9002000000000000,0000000000000000,0,0,0,"_","_"
477,13,0,000411e843ef,000000000000000000000000000000000000000000000000000000000000001e0000000000000223cd3861010331530c0101d3e473fefffb9002000000000000,0000000000000000,0,0,0,"_","_"
478,14,0,000411e843f0,000000000000000000000000000000000000000000000000000000000000001e0000000000000223cd3861010331530c0101d3e473fefffb9002000000000000,0000000000000000,0,0,0,"_","_"
479,15,0,000411e843f1,000000000000000000000000000000000000000000000000000000000000001e0000000000000223cd3861010331530c0101d3e473fefffb9002000000000000,0000000000000000,0,0,0,"_","_"
480,0,1,000411f04ab4,80fe00000000d0360087d3e473ff0100000000000000000002ff810103feff31530e00000000000080feff3a200000000060dd8681010331530cd3e473ff3333,ffffffffffffffff,0,1,0,"Active","Stream Beat"
481,1,0,000411f04ab5,0000000000000000000000000000001e000000000000001e000000000000001e00000000000093d368cb81010331530c0101d3e473fefffb9002000000000000,00000000003fffff,0,1,1,"Active","Last Stream"
482,2,0,000411f04ab6,000000000000000000000000000000000000000000000000000000000000001e000000000000001e000000000000001e00000000000093d368cb81010331530c,0000000000000000,0,0,0,"_","_"
483,3,0,000411f04ab7,000000000000000000000000000000000000000000000000000000000000001e000000000000001e000000000000001e00000000000093d368cb81010331530c,0000000000000000,0,0,0,"_","_"
484,4,0,000411f04ab8,000000000000000000000000000000000000000000000000000000000000001e000000000000001e000000000000001e00000000000093d368cb81010331530c,0000000000000000,0,0,0,"_","_"
485,5,0,000411f04ab9,000000000000000000000000000000000000000000000000000000000000001e000000000000001e000000000000001e00000000000093d368cb81010331530c,0000000000000000,0,0,0,"_","_"
486,6,0,000411f04aba,000000000000000000000000000000000000000000000000000000000000001e000000000000001e000000000000001e00000000000093d368cb81010331530c,0000000000000000,0,0,0,"_","_"
487,7,0,000411f04abb,000000000000000000000000000000000000000000000000000000000000001e000000000000001e000000000000001e00000000000093d368cb81010331530c,0000000000000000,0,0,0,"_","_"
488,8,0,000411f04abc,000000000000000000000000000000000000000000000000000000000000001e000000000000001e000000000000001e00000000000093d368cb81010331530c,0000000000000000,0,0,0,"_","_"
489,9,0,000411f04abd,000000000000000000000000000000000000000000000000000000000000001e000000000000001e000000000000001e00000000000093d368cb81010331530c,0000000000000000,0,0,0,"_","_"
490,10,0,000411f04abe,000000000000000000000000000000000000000000000000000000000000001e000000000000001e000000000000001e00000000000093d368cb81010331530c,0000000000000000,0,0,0,"_","_"
491,11,0,000411f04abf,000000000000000000000000000000000000000000000000000000000000001e000000000000001e000000000000001e00000000000093d368cb81010331530c,0000000000000000,0,0,0,"_","_"
492,12,0,000411f04ac0,000000000000000000000000000000000000000000000000000000000000001e000000000000001e000000000000001e00000000000093d368cb81010331530c,0000000000000000,0,0,0,"_","_"
493,13,0,000411f04ac1,000000000000000000000000000000000000000000000000000000000000001e000000000000001e000000000000001e00000000000093d368cb81010331530c,0000000000000000,0,0,0,"_","_"
494,14,0,000411f04ac2,000000000000000000000000000000000000000000000000000000000000001e000000000000001e000000000000001e00000000000093d368cb81010331530c,0000000000000000,0,0,0,"_","_"
495,15,0,000411f04ac3,000000000000000000000000000000000000000000000000000000000000001e000000000000001e000000000000001e00000000000093d368cb81010331530c,0000000000000000,0,0,0,"_","_"
496,0,1,000411ff441a,80fe0000000050380087d3e473ff0100000000000000000002ffc10003feff31530e00000000000080feff3a200000000060dd86c1000331530cd3e473ff3333,ffffffffffffffff,0,1,0,"Active","Stream Beat"
497,1,0,000411ff441b,00000000000007ead89bc1000331530c0101d3e473fefffb900200000000000080fe000000005038d89bc1000331530c0101d3e473fefffb9002000000000000,00000000003fffff,0,1,1,"Active","Last Stream"
498,2,0,000411ff441c,00000000000000000000000000000000000000000000000000000000000007ead89bc1000331530c0101d3e473fefffb900200000000000080fe000000005038,0000000000000000,0,0,0,"_","_"
499,3,0,000411ff441d,00000000000000000000000000000000000000000000000000000000000007ead89bc1000331530c0101d3e473fefffb900200000000000080fe000000005038,0000000000000000,0,0,0,"_","_"
500,4,0,000411ff441e,00000000000000000000000000000000000000000000000000000000000007ead89bc1000331530c0101d3e473fefffb900200000000000080fe000000005038,0000000000000000,0,0,0,"_","_"
501,5,0,000411ff441f,00000000000000000000000000000000000000000000000000000000000007ead89bc1000331530c0101d3e473fefffb900200000000000080fe000000005038,0000000000000000,0,0,0,"_","_"
502,6,0,000411ff4420,00000000000000000000000000000000000000000000000000000000000007ead89bc1000331530c0101d3e473fefffb900200000000000080fe000000005038,0000000000000000,0,0,0,"_","_"
503,7,0,000411ff4421,00000000000000000000000000000000000000000000000000000000000007ead89bc1000331530c0101d3e473fefffb900200000000000080fe000000005038,0000000000000000,0,0,0,"_","_"
504,8,0,000411ff4422,00000000000000000000000000000000000000000000000000000000000007ead89bc1000331530c0101d3e473fefffb900200000000000080fe000000005038,0000000000000000,0,0,0,"_","_"
505,9,0,000411ff4423,00000000000000000000000000000000000000000000000000000000000007ead89bc1000331530c0101d3e473fefffb900200000000000080fe000000005038,0000000000000000,0,0,0,"_","_"
506,10,0,000411ff4424,00000000000000000000000000000000000000000000000000000000000007ead89bc1000331530c0101d3e473fefffb900200000000000080fe000000005038,0000000000000000,0,0,0,"_","_"
507,11,0,000411ff4425,00000000000000000000000000000000000000000000000000000000000007ead89bc1000331530c0101d3e473fefffb900200000000000080fe000000005038,0000000000000000,0,0,0,"_","_"
508,12,0,000411ff4426,00000000000000000000000000000000000000000000000000000000000007ead89bc1000331530c0101d3e473fefffb900200000000000080fe000000005038,0000000000000000,0,0,0,"_","_"
509,13,0,000411ff4427,00000000000000000000000000000000000000000000000000000000000007ead89bc1000331530c0101d3e473fefffb900200000000000080fe000000005038,0000000000000000,0,0,0,"_","_"
510,14,0,000411ff4428,00000000000000000000000000000000000000000000000000000000000007ead89bc1000331530c0101d3e473fefffb900200000000000080fe000000005038,0000000000000000,0,0,0,"_","_"
511,15,0,000411ff4429,00000000000000000000000000000000000000000000000000000000000007ead89bc1000331530c0101d3e473fefffb900200000000000080fe000000005038,0000000000000000,0,0,0,"_","_"
512,0,1,000412006f49,80fe0000000050380087d3e473ff0100000000000000000002ffc10003feff31530e00000000000080feff3a200000000060dd86c1000331530cd3e473ff3333,ffffffffffffffff,0,1,0,"Active","Stream Beat"
513,1,0,000412006f4a,000000000000000000000000000000000000000000000000000000000000001e00000000000007ead89bc1000331530c0101d3e473fefffb9002000000000000,00000000003fffff,0,1,1,"Active","Last Stream"
514,2,0,000412006f4b,000000000000000000000000000000000000000000000000000000000000001e00000000000007ead89bc1000331530c0101d3e473fefffb9002000000000000,0000000000000000,0,0,0,"_","_"
515,3,0,000412006f4c,000000000000000000000000000000000000000000000000000000000000001e00000000000007ead89bc1000331530c0101d3e473fefffb9002000000000000,0000000000000000,0,0,0,"_","_"
516,4,0,000412006f4d,000000000000000000000000000000000000000000000000000000000000001e00000000000007ead89bc1000331530c0101d3e473fefffb9002000000000000,0000000000000000,0,0,0,"_","_"
517,5,0,000412006f4e,000000000000000000000000000000000000000000000000000000000000001e00000000000007ead89bc1000331530c0101d3e473fefffb9002000000000000,0000000000000000,0,0,0,"_","_"
518,6,0,000412006f4f,000000000000000000000000000000000000000000000000000000000000001e00000000000007ead89bc1000331530c0101d3e473fefffb9002000000000000,0000000000000000,0,0,0,"_","_"
519,7,0,000412006f50,000000000000000000000000000000000000000000000000000000000000001e00000000000007ead89bc1000331530c0101d3e473fefffb9002000000000000,0000000000000000,0,0,0,"_","_"
520,8,0,000412006f51,000000000000000000000000000000000000000000000000000000000000001e00000000000007ead89bc1000331530c0101d3e473fefffb9002000000000000,0000000000000000,0,0,0,"_","_"
521,9,0,000412006f52,000000000000000000000000000000000000000000000000000000000000001e00000000000007ead89bc1000331530c0101d3e473fefffb9002000000000000,0000000000000000,0,0,0,"_","_"
522,10,0,000412006f53,000000000000000000000000000000000000000000000000000000000000001e00000000000007ead89bc1000331530c0101d3e473fefffb9002000000000000,0000000000000000,0,0,0,"_","_"
523,11,0,000412006f54,000000000000000000000000000000000000000000000000000000000000001e00000000000007ead89bc1000331530c0101d3e473fefffb9002000000000000,0000000000000000,0,0,0,"_","_"
524,12,0,000412006f55,000000000000000000000000000000000000000000000000000000000000001e00000000000007ead89bc1000331530c0101d3e473fefffb9002000000000000,0000000000000000,0,0,0,"_","_"
525,13,0,000412006f56,000000000000000000000000000000000000000000000000000000000000001e00000000000007ead89bc1000331530c0101d3e473fefffb9002000000000000,0000000000000000,0,0,0,"_","_"
526,14,0,000412006f57,000000000000000000000000000000000000000000000000000000000000001e00000000000007ead89bc1000331530c0101d3e473fefffb9002000000000000,0000000000000000,0,0,0,"_","_"
527,15,0,000412006f58,000000000000000000000000000000000000000000000000000000000000001e00000000000007ead89bc1000331530c0101d3e473fefffb9002000000000000,0000000000000000,0,0,0,"_","_"
528,0,1,0004254611e0,80fe0000000090360087d3e473ff0100000000000000000002ffa10103feff31530e00000000000080feff3a200000000060dd86a1010331530cd3e473ff3333,ffffffffffffffff,0,1,0,"Active","Stream Beat"
529,1,0,0004254611e1,000000000000000000000000000000000000000000000000000000000000001e0000000000006559551ca1010331530c0101d3e473fefffb9002000000000000,00000000003fffff,0,1,1,"Active","Last Stream"
530,2,0,0004254611e2,000000000000000000000000000000000000000000000000000000000000001e0000000000006559551ca1010331530c0101d3e473fefffb9002000000000000,0000000000000000,0,0,0,"_","_"
531,3,0,0004254611e3,000000000000000000000000000000000000000000000000000000000000001e0000000000006559551ca1010331530c0101d3e473fefffb9002000000000000,0000000000000000,0,0,0,"_","_"
532,4,0,0004254611e4,000000000000000000000000000000000000000000000000000000000000001e0000000000006559551ca1010331530c0101d3e473fefffb9002000000000000,0000000000000000,0,0,0,"_","_"
533,5,0,0004254611e5,000000000000000000000000000000000000000000000000000000000000001e0000000000006559551ca1010331530c0101d3e473fefffb9002000000000000,0000000000000000,0,0,0,"_","_"
534,6,0,0004254611e6,000000000000000000000000000000000000000000000000000000000000001e0000000000006559551ca1010331530c0101d3e473fefffb9002000000000000,0000000000000000,0,0,0,"_","_"
535,7,0,0004254611e7,000000000000000000000000000000000000000000000000000000000000001e0000000000006559551ca1010331530c0101d3e473fefffb9002000000000000,0000000000000000,0,0,0,"_","_"
536,8,0,0004254611e8,000000000000000000000000000000000000000000000000000000000000001e0000000000006559551ca1010331530c0101d3e473fefffb9002000000000000,0000000000000000,0,0,0,"_","_"
537,9,0,0004254611e9,000000000000000000000000000000000000000000000000000000000000001e0000000000006559551ca1010331530c0101d3e473fefffb9002000000000000,0000000000000000,0,0,0,"_","_"
538,10,0,0004254611ea,000000000000000000000000000000000000000000000000000000000000001e0000000000006559551ca1010331530c0101d3e473fefffb9002000000000000,0000000000000000,0,0,0,"_","_"
539,11,0,0004254611eb,000000000000000000000000000000000000000000000000000000000000001e0000000000006559551ca1010331530c0101d3e473fefffb9002000000000000,0000000000000000,0,0,0,"_","_"
540,12,0,0004254611ec,000000000000000000000000000000000000000000000000000000000000001e0000000000006559551ca1010331530c0101d3e473fefffb9002000000000000,0000000000000000,0,0,0,"_","_"
541,13,0,0004254611ed,000000000000000000000000000000000000000000000000000000000000001e0000000000006559551ca1010331530c0101d3e473fefffb9002000000000000,0000000000000000,0,0,0,"_","_"
542,14,0,0004254611ee,000000000000000000000000000000000000000000000000000000000000001e0000000000006559551ca1010331530c0101d3e473fefffb9002000000000000,0000000000000000,0,0,0,"_","_"
543,15,0,0004254611ef,000000000000000000000000000000000000000000000000000000000000001e0000000000006559551ca1010331530c0101d3e473fefffb9002000000000000,0000000000000000,0,0,0,"_","_"
544,0,1,000425607f4a,80fe00000000ef610087d3e473ff0100000000000000000002ff91a063feff1452f600000000000080feff3a200000000060dd8691a0631452f4d3e473ff3333,ffffffffffffffff,0,1,0,"Active","Stream Beat"
545,1,0,000425607f4b,000000000000001e000000000000001e000000000000001e000000000000001e0000000000002cc79ebd91a0631452f40101d3e473fefffb9002000000000000,00000000003fffff,0,1,1,"Active","Last Stream"
546,2,0,000425607f4c,000000000000000000000000000000000000000000000000000000000000001e000000000000001e000000000000001e000000000000001e0000000000002cc7,0000000000000000,0,0,0,"_","_"
547,3,0,000425607f4d,000000000000000000000000000000000000000000000000000000000000001e000000000000001e000000000000001e000000000000001e0000000000002cc7,0000000000000000,0,0,0,"_","_"
548,4,0,000425607f4e,000000000000000000000000000000000000000000000000000000000000001e000000000000001e000000000000001e000000000000001e0000000000002cc7,0000000000000000,0,0,0,"_","_"
549,5,0,000425607f4f,000000000000000000000000000000000000000000000000000000000000001e000000000000001e000000000000001e000000000000001e0000000000002cc7,0000000000000000,0,0,0,"_","_"
550,6,0,000425607f50,000000000000000000000000000000000000000000000000000000000000001e000000000000001e000000000000001e000000000000001e0000000000002cc7,0000000000000000,0,0,0,"_","_"
551,7,0,000425607f51,000000000000000000000000000000000000000000000000000000000000001e000000000000001e000000000000001e000000000000001e0000000000002cc7,0000000000000000,0,0,0,"_","_"
552,8,0,000425607f52,000000000000000000000000000000000000000000000000000000000000001e000000000000001e000000000000001e000000000000001e0000000000002cc7,0000000000000000,0,0,0,"_","_"
553,9,0,000425607f53,000000000000000000000000000000000000000000000000000000000000001e000000000000001e000000000000001e000000000000001e0000000000002cc7,0000000000000000,0,0,0,"_","_"
554,10,0,000425607f54,000000000000000000000000000000000000000000000000000000000000001e000000000000001e000000000000001e000000000000001e0000000000002cc7,0000000000000000,0,0,0,"_","_"
555,11,0,000425607f55,000000000000000000000000000000000000000000000000000000000000001e000000000000001e000000000000001e000000000000001e0000000000002cc7,0000000000000000,0,0,0,"_","_"
556,12,0,000425607f56,000000000000000000000000000000000000000000000000000000000000001e000000000000001e000000000000001e000000000000001e0000000000002cc7,0000000000000000,0,0,0,"_","_"
557,13,0,000425607f57,000000000000000000000000000000000000000000000000000000000000001e000000000000001e000000000000001e000000000000001e0000000000002cc7,0000000000000000,0,0,0,"_","_"
558,14,0,000425607f58,000000000000000000000000000000000000000000000000000000000000001e000000000000001e000000000000001e000000000000001e0000000000002cc7,0000000000000000,0,0,0,"_","_"
559,15,0,000425607f59,000000000000000000000000000000000000000000000000000000000000001e000000000000001e000000000000001e000000000000001e0000000000002cc7,0000000000000000,0,0,0,"_","_"
560,0,1,000425615d67,80fe0000000090380087d3e473ff0100000000000000000002ffa10003feff31530e00000000000080feff3a200000000060dd86a1000331530cd3e473ff3333,ffffffffffffffff,0,1,0,"Active","Stream Beat"
561,1,0,000425615d68,000000000000001e000000000000001e000000000000001e000000000000001e000000000000c70598a3a1000331530c0101d3e473fefffb9002000000000000,00000000003fffff,0,1,1,"Active","Last Stream"
562,2,0,000425615d69,000000000000000000000000000000000000000000000000000000000000001e000000000000001e000000000000001e000000000000001e000000000000c705,0000000000000000,0,0,0,"_","_"
563,3,0,000425615d6a,000000000000000000000000000000000000000000000000000000000000001e000000000000001e000000000000001e000000000000001e000000000000c705,0000000000000000,0,0,0,"_","_"
564,4,0,000425615d6b,000000000000000000000000000000000000000000000000000000000000001e000000000000001e000000000000001e000000000000001e000000000000c705,0000000000000000,0,0,0,"_","_"
565,5,0,000425615d6c,000000000000000000000000000000000000000000000000000000000000001e000000000000001e000000000000001e000000000000001e000000000000c705,0000000000000000,0,0,0,"_","_"
566,6,0,000425615d6d,000000000000000000000000000000000000000000000000000000000000001e000000000000001e000000000000001e000000000000001e000000000000c705,0000000000000000,0,0,0,"_","_"
567,7,0,000425615d6e,000000000000000000000000000000000000000000000000000000000000001e000000000000001e000000000000001e000000000000001e000000000000c705,0000000000000000,0,0,0,"_","_"
568,8,0,000425615d6f,000000000000000000000000000000000000000000000000000000000000001e000000000000001e000000000000001e000000000000001e000000000000c705,0000000000000000,0,0,0,"_","_"
569,9,0,000425615d70,000000000000000000000000000000000000000000000000000000000000001e000000000000001e000000000000001e000000000000001e000000000000c705,0000000000000000,0,0,0,"_","_"
570,10,0,000425615d71,000000000000000000000000000000000000000000000000000000000000001e000000000000001e000000000000001e000000000000001e000000000000c705,0000000000000000,0,0,0,"_","_"
571,11,0,000425615d72,000000000000000000000000000000000000000000000000000000000000001e000000000000001e000000000000001e000000000000001e000000000000c705,0000000000000000,0,0,0,"_","_"
572,12,0,000425615d73,000000000000000000000000000000000000000000000000000000000000001e000000000000001e000000000000001e000000000000001e000000000000c705,0000000000000000,0,0,0,"_","_"
573,13,0,000425615d74,000000000000000000000000000000000000000000000000000000000000001e000000000000001e000000000000001e000000000000001e000000000000c705,0000000000000000,0,0,0,"_","_"
574,14,0,000425615d75,000000000000000000000000000000000000000000000000000000000000001e000000000000001e000000000000001e000000000000001e000000000000c705,0000000000000000,0,0,0,"_","_"
575,15,0,000425615d76,000000000000000000000000000000000000000000000000000000000000001e000000000000001e000000000000001e000000000000001e000000000000c705,0000000000000000,0,0,0,"_","_"
576,0,1,00042562c0f0,80fe00000000ef610087d3e473ff0100000000000000000002ff91a063feff1452f600000000000080feff3a200000000060dd8691a0631452f4d3e473ff3333,ffffffffffffffff,0,1,0,"Active","Stream Beat"
577,1,0,00042562c0f1,0000000000000000000000000000001e000000000000001e000000000000001e0000000000002cc79ebd91a0631452f40101d3e473fefffb9002000000000000,00000000003fffff,0,1,1,"Active","Last Stream"
578,2,0,00042562c0f2,000000000000000000000000000000000000000000000000000000000000001e000000000000001e000000000000001e0000000000002cc79ebd91a0631452f4,0000000000000000,0,0,0,"_","_"
579,3,0,00042562c0f3,000000000000000000000000000000000000000000000000000000000000001e000000000000001e000000000000001e0000000000002cc79ebd91a0631452f4,0000000000000000,0,0,0,"_","_"
580,4,0,00042562c0f4,000000000000000000000000000000000000000000000000000000000000001e000000000000001e000000000000001e0000000000002cc79ebd91a0631452f4,0000000000000000,0,0,0,"_","_"
581,5,0,00042562c0f5,000000000000000000000000000000000000000000000000000000000000001e000000000000001e000000000000001e0000000000002cc79ebd91a0631452f4,0000000000000000,0,0,0,"_","_"
582,6,0,00042562c0f6,000000000000000000000000000000000000000000000000000000000000001e000000000000001e000000000000001e0000000000002cc79ebd91a0631452f4,0000000000000000,0,0,0,"_","_"
583,7,0,00042562c0f7,000000000000000000000000000000000000000000000000000000000000001e000000000000001e000000000000001e0000000000002cc79ebd91a0631452f4,0000000000000000,0,0,0,"_","_"
584,8,0,00042562c0f8,000000000000000000000000000000000000000000000000000000000000001e000000000000001e000000000000001e0000000000002cc79ebd91a0631452f4,0000000000000000,0,0,0,"_","_"
585,9,0,00042562c0f9,000000000000000000000000000000000000000000000000000000000000001e000000000000001e000000000000001e0000000000002cc79ebd91a0631452f4,0000000000000000,0,0,0,"_","_"
586,10,0,00042562c0fa,000000000000000000000000000000000000000000000000000000000000001e000000000000001e000000000000001e0000000000002cc79ebd91a0631452f4,0000000000000000,0,0,0,"_","_"
587,11,0,00042562c0fb,000000000000000000000000000000000000000000000000000000000000001e000000000000001e000000000000001e0000000000002cc79ebd91a0631452f4,0000000000000000,0,0,0,"_","_"
588,12,0,00042562c0fc,000000000000000000000000000000000000000000000000000000000000001e000000000000001e000000000000001e0000000000002cc79ebd91a0631452f4,0000000000000000,0,0,0,"_","_"
589,13,0,00042562c0fd,000000000000000000000000000000000000000000000000000000000000001e000000000000001e000000000000001e0000000000002cc79ebd91a0631452f4,0000000000000000,0,0,0,"_","_"
590,14,0,00042562c0fe,000000000000000000000000000000000000000000000000000000000000001e000000000000001e000000000000001e0000000000002cc79ebd91a0631452f4,0000000000000000,0,0,0,"_","_"
591,15,0,00042562c0ff,000000000000000000000000000000000000000000000000000000000000001e000000000000001e000000000000001e0000000000002cc79ebd91a0631452f4,0000000000000000,0,0,0,"_","_"
592,0,1,000425632a09,80fe0000000090380087d3e473ff0100000000000000000002ffa10003feff31530e00000000000080feff3a200000000060dd86a1000331530cd3e473ff3333,ffffffffffffffff,0,1,0,"Active","Stream Beat"
593,1,0,000425632a0a,0000000000000000000000000000001e000000000000001e000000000000001e000000000000c70598a3a1000331530c0101d3e473fefffb9002000000000000,00000000003fffff,0,1,1,"Active","Last Stream"
594,2,0,000425632a0b,000000000000000000000000000000000000000000000000000000000000001e000000000000001e000000000000001e000000000000c70598a3a1000331530c,0000000000000000,0,0,0,"_","_"
595,3,0,000425632a0c,000000000000000000000000000000000000000000000000000000000000001e000000000000001e000000000000001e000000000000c70598a3a1000331530c,0000000000000000,0,0,0,"_","_"
596,4,0,000425632a0d,000000000000000000000000000000000000000000000000000000000000001e000000000000001e000000000000001e000000000000c70598a3a1000331530c,0000000000000000,0,0,0,"_","_"
597,5,0,000425632a0e,000000000000000000000000000000000000000000000000000000000000001e000000000000001e000000000000001e000000000000c70598a3a1000331530c,0000000000000000,0,0,0,"_","_"
598,6,0,000425632a0f,000000000000000000000000000000000000000000000000000000000000001e000000000000001e000000000000001e000000000000c70598a3a1000331530c,0000000000000000,0,0,0,"_","_"
599,7,0,000425632a10,000000000000000000000000000000000000000000000000000000000000001e000000000000001e000000000000001e000000000000c70598a3a1000331530c,0000000000000000,0,0,0,"_","_"
600,8,0,000425632a11,000000000000000000000000000000000000000000000000000000000000001e000000000000001e000000000000001e000000000000c70598a3a1000331530c,0000000000000000,0,0,0,"_","_"
601,9,0,000425632a12,000000000000000000000000000000000000000000000000000000000000001e000000000000001e000000000000001e000000000000c70598a3a1000331530c,0000000000000000,0,0,0,"_","_"
602,10,0,000425632a13,000000000000000000000000000000000000000000000000000000000000001e000000000000001e000000000000001e000000000000c70598a3a1000331530c,0000000000000000,0,0,0,"_","_"
603,11,0,000425632a14,000000000000000000000000000000000000000000000000000000000000001e000000000000001e000000000000001e000000000000c70598a3a1000331530c,0000000000000000,0,0,0,"_","_"
604,12,0,000425632a15,000000000000000000000000000000000000000000000000000000000000001e000000000000001e000000000000001e000000000000c70598a3a1000331530c,0000000000000000,0,0,0,"_","_"
605,13,0,000425632a16,000000000000000000000000000000000000000000000000000000000000001e000000000000001e000000000000001e000000000000c70598a3a1000331530c,0000000000000000,0,0,0,"_","_"
606,14,0,000425632a17,000000000000000000000000000000000000000000000000000000000000001e000000000000001e000000000000001e000000000000c70598a3a1000331530c,0000000000000000,0,0,0,"_","_"
607,15,0,000425632a18,000000000000000000000000000000000000000000000000000000000000001e000000000000001e000000000000001e000000000000c70598a3a1000331530c,0000000000000000,0,0,0,"_","_"
608,0,1,00042564d90c,80fe0000000050390087d3e473ff0100000000000000000002ff410003feff31530e00000000000080feff3a200000000060dd8641000331530cd3e473ff3333,ffffffffffffffff,0,1,0,"Active","Stream Beat"
609,1,0,00042564d90d,000000000000001e000000000000001e000000000000001e000000000000001e00000000000056f53d5041000331530c0101d3e473fefffb9002000000000000,00000000003fffff,0,1,1,"Active","Last Stream"
610,2,0,00042564d90e,000000000000000000000000000000000000000000000000000000000000001e000000000000001e000000000000001e000000000000001e00000000000056f5,0000000000000000,0,0,0,"_","_"
611,3,0,00042564d90f,000000000000000000000000000000000000000000000000000000000000001e000000000000001e000000000000001e000000000000001e00000000000056f5,0000000000000000,0,0,0,"_","_"
612,4,0,00042564d910,000000000000000000000000000000000000000000000000000000000000001e000000000000001e000000000000001e000000000000001e00000000000056f5,0000000000000000,0,0,0,"_","_"
613,5,0,00042564d911,000000000000000000000000000000000000000000000000000000000000001e000000000000001e000000000000001e000000000000001e00000000000056f5,0000000000000000,0,0,0,"_","_"
614,6,0,00042564d912,000000000000000000000000000000000000000000000000000000000000001e000000000000001e000000000000001e000000000000001e00000000000056f5,0000000000000000,0,0,0,"_","_"
615,7,0,00042564d913,000000000000000000000000000000000000000000000000000000000000001e000000000000001e000000000000001e000000000000001e00000000000056f5,0000000000000000,0,0,0,"_","_"
616,8,0,00042564d914,000000000000000000000000000000000000000000000000000000000000001e000000000000001e000000000000001e000000000000001e00000000000056f5,0000000000000000,0,0,0,"_","_"
617,9,0,00042564d915,000000000000000000000000000000000000000000000000000000000000001e000000000000001e000000000000001e000000000000001e00000000000056f5,0000000000000000,0,0,0,"_","_"
618,10,0,00042564d916,000000000000000000000000000000000000000000000000000000000000001e000000000000001e000000000000001e000000000000001e00000000000056f5,0000000000000000,0,0,0,"_","_"
619,11,0,00042564d917,000000000000000000000000000000000000000000000000000000000000001e000000000000001e000000000000001e000000000000001e00000000000056f5,0000000000000000,0,0,0,"_","_"
620,12,0,00042564d918,000000000000000000000000000000000000000000000000000000000000001e000000000000001e000000000000001e000000000000001e00000000000056f5,0000000000000000,0,0,0,"_","_"
621,13,0,00042564d919,000000000000000000000000000000000000000000000000000000000000001e000000000000001e000000000000001e000000000000001e00000000000056f5,0000000000000000,0,0,0,"_","_"
622,14,0,00042564d91a,000000000000000000000000000000000000000000000000000000000000001e000000000000001e000000000000001e000000000000001e00000000000056f5,0000000000000000,0,0,0,"_","_"
623,15,0,00042564d91b,000000000000000000000000000000000000000000000000000000000000001e000000000000001e000000000000001e000000000000001e00000000000056f5,0000000000000000,0,0,0,"_","_"
624,0,1,0004256695c8,80fe0000000050390087d3e473ff0100000000000000000002ff410003feff31530e00000000000080feff3a200000000060dd8641000331530cd3e473ff3333,ffffffffffffffff,0,1,0,"Active","Stream Beat"
625,1,0,0004256695c9,000000000000001e000000000000001e000000000000001e000000000000001e00000000000056f53d5041000331530c0101d3e473fefffb9002000000000000,00000000003fffff,0,1,1,"Active","Last Stream"
626,2,0,0004256695ca,000000000000000000000000000000000000000000000000000000000000001e000000000000001e000000000000001e000000000000001e00000000000056f5,0000000000000000,0,0,0,"_","_"
627,3,0,0004256695cb,000000000000000000000000000000000000000000000000000000000000001e000000000000001e000000000000001e000000000000001e00000000000056f5,0000000000000000,0,0,0,"_","_"
628,4,0,0004256695cc,000000000000000000000000000000000000000000000000000000000000001e000000000000001e000000000000001e000000000000001e00000000000056f5,0000000000000000,0,0,0,"_","_"
629,5,0,0004256695cd,000000000000000000000000000000000000000000000000000000000000001e000000000000001e000000000000001e000000000000001e00000000000056f5,0000000000000000,0,0,0,"_","_"
630,6,0,0004256695ce,000000000000000000000000000000000000000000000000000000000000001e000000000000001e000000000000001e000000000000001e00000000000056f5,0000000000000000,0,0,0,"_","_"
631,7,0,0004256695cf,000000000000000000000000000000000000000000000000000000000000001e000000000000001e000000000000001e000000000000001e00000000000056f5,0000000000000000,0,0,0,"_","_"
632,8,0,0004256695d0,000000000000000000000000000000000000000000000000000000000000001e000000000000001e000000000000001e000000000000001e00000000000056f5,0000000000000000,0,0,0,"_","_"
633,9,0,0004256695d1,000000000000000000000000000000000000000000000000000000000000001e000000000000001e000000000000001e000000000000001e00000000000056f5,0000000000000000,0,0,0,"_","_"
634,10,0,0004256695d2,000000000000000000000000000000000000000000000000000000000000001e000000000000001e000000000000001e000000000000001e00000000000056f5,0000000000000000,0,0,0,"_","_"
635,11,0,0004256695d3,000000000000000000000000000000000000000000000000000000000000001e000000000000001e000000000000001e000000000000001e00000000000056f5,0000000000000000,0,0,0,"_","_"
636,12,0,0004256695d4,000000000000000000000000000000000000000000000000000000000000001e000000000000001e000000000000001e000000000000001e00000000000056f5,0000000000000000,0,0,0,"_","_"
637,13,0,0004256695d5,000000000000000000000000000000000000000000000000000000000000001e000000000000001e000000000000001e000000000000001e00000000000056f5,0000000000000000,0,0,0,"_","_"
638,14,0,0004256695d6,000000000000000000000000000000000000000000000000000000000000001e000000000000001e000000000000001e000000000000001e00000000000056f5,0000000000000000,0,0,0,"_","_"
639,15,0,0004256695d7,000000000000000000000000000000000000000000000000000000000000001e000000000000001e000000000000001e000000000000001e00000000000056f5,0000000000000000,0,0,0,"_","_"
640,0,1,000425939e7d,80fe0000000010370087d3e473ff0100000000000000000002ff610103feff31530e00000000000080feff3a200000000060dd8661010331530cd3e473ff3333,ffffffffffffffff,0,1,0,"Active","Stream Beat"
641,1,0,000425939e7e,00000000000000000000000000000000000000000000001e000000000000001e0000000000000223cd3861010331530c0101d3e473fefffb9002000000000000,00000000003fffff,0,1,1,"Active","Last Stream"
642,2,0,000425939e7f,000000000000000000000000000000000000000000000000000000000000001e000000000000001e0000000000000223cd3861010331530c0101d3e473fefffb,0000000000000000,0,0,0,"_","_"
643,3,0,000425939e80,000000000000000000000000000000000000000000000000000000000000001e000000000000001e0000000000000223cd3861010331530c0101d3e473fefffb,0000000000000000,0,0,0,"_","_"
644,4,0,000425939e81,000000000000000000000000000000000000000000000000000000000000001e000000000000001e0000000000000223cd3861010331530c0101d3e473fefffb,0000000000000000,0,0,0,"_","_"
645,5,0,000425939e82,000000000000000000000000000000000000000000000000000000000000001e000000000000001e0000000000000223cd3861010331530c0101d3e473fefffb,0000000000000000,0,0,0,"_","_"
646,6,0,000425939e83,000000000000000000000000000000000000000000000000000000000000001e000000000000001e0000000000000223cd3861010331530c0101d3e473fefffb,0000000000000000,0,0,0,"_","_"
647,7,0,000425939e84,000000000000000000000000000000000000000000000000000000000000001e000000000000001e0000000000000223cd3861010331530c0101d3e473fefffb,0000000000000000,0,0,0,"_","_"
648,8,0,000425939e85,000000000000000000000000000000000000000000000000000000000000001e000000000000001e0000000000000223cd3861010331530c0101d3e473fefffb,0000000000000000,0,0,0,"_","_"
649,9,0,000425939e86,000000000000000000000000000000000000000000000000000000000000001e000000000000001e0000000000000223cd3861010331530c0101d3e473fefffb,0000000000000000,0,0,0,"_","_"
650,10,0,000425939e87,000000000000000000000000000000000000000000000000000000000000001e000000000000001e0000000000000223cd3861010331530c0101d3e473fefffb,0000000000000000,0,0,0,"_","_"
651,11,0,000425939e88,000000000000000000000000000000000000000000000000000000000000001e000000000000001e0000000000000223cd3861010331530c0101d3e473fefffb,0000000000000000,0,0,0,"_","_"
652,12,0,000425939e89,000000000000000000000000000000000000000000000000000000000000001e000000000000001e0000000000000223cd3861010331530c0101d3e473fefffb,0000000000000000,0,0,0,"_","_"
653,13,0,000425939e8a,000000000000000000000000000000000000000000000000000000000000001e000000000000001e0000000000000223cd3861010331530c0101d3e473fefffb,0000000000000000,0,0,0,"_","_"
654,14,0,000425939e8b,000000000000000000000000000000000000000000000000000000000000001e000000000000001e0000000000000223cd3861010331530c0101d3e473fefffb,0000000000000000,0,0,0,"_","_"
655,15,0,000425939e8c,000000000000000000000000000000000000000000000000000000000000001e000000000000001e0000000000000223cd3861010331530c0101d3e473fefffb,0000000000000000,0,0,0,"_","_"
656,0,1,0004259ba548,80fe00000000d0360087d3e473ff0100000000000000000002ff810103feff31530e00000000000080feff3a200000000060dd8681010331530cd3e473ff3333,ffffffffffffffff,0,1,0,"Active","Stream Beat"
657,1,0,0004259ba549,00000000000093d368cb81010331530c0101d3e473fefffb900200000000000080fe00000000d03668cb81010331530c0101d3e473fefffb9002000000000000,00000000003fffff,0,1,1,"Active","Last Stream"
658,2,0,0004259ba54a,00000000000000000000000000000000000000000000000000000000000093d368cb81010331530c0101d3e473fefffb900200000000000080fe00000000d036,0000000000000000,0,0,0,"_","_"
659,3,0,0004259ba54b,00000000000000000000000000000000000000000000000000000000000093d368cb81010331530c0101d3e473fefffb900200000000000080fe00000000d036,0000000000000000,0,0,0,"_","_"
660,4,0,0004259ba54c,00000000000000000000000000000000000000000000000000000000000093d368cb81010331530c0101d3e473fefffb900200000000000080fe00000000d036,0000000000000000,0,0,0,"_","_"
661,5,0,0004259ba54d,00000000000000000000000000000000000000000000000000000000000093d368cb81010331530c0101d3e473fefffb900200000000000080fe00000000d036,0000000000000000,0,0,0,"_","_"
662,6,0,0004259ba54e,00000000000000000000000000000000000000000000000000000000000093d368cb81010331530c0101d3e473fefffb900200000000000080fe00000000d036,0000000000000000,0,0,0,"_","_"
663,7,0,0004259ba54f,00000000000000000000000000000000000000000000000000000000000093d368cb81010331530c0101d3e473fefffb900200000000000080fe00000000d036,0000000000000000,0,0,0,"_","_"
664,8,0,0004259ba550,00000000000000000000000000000000000000000000000000000000000093d368cb81010331530c0101d3e473fefffb900200000000000080fe00000000d036,0000000000000000,0,0,0,"_","_"
665,9,0,0004259ba551,00000000000000000000000000000000000000000000000000000000000093d368cb81010331530c0101d3e473fefffb900200000000000080fe00000000d036,0000000000000000,0,0,0,"_","_"
666,10,0,0004259ba552,00000000000000000000000000000000000000000000000000000000000093d368cb81010331530c0101d3e473fefffb900200000000000080fe00000000d036,0000000000000000,0,0,0,"_","_"
667,11,0,0004259ba553,00000000000000000000000000000000000000000000000000000000000093d368cb81010331530c0101d3e473fefffb900200000000000080fe00000000d036,0000000000000000,0,0,0,"_","_"
668,12,0,0004259ba554,00000000000000000000000000000000000000000000000000000000000093d368cb81010331530c0101d3e473fefffb900200000000000080fe00000000d036,0000000000000000,0,0,0,"_","_"
669,13,0,0004259ba555,00000000000000000000000000000000000000000000000000000000000093d368cb81010331530c0101d3e473fefffb900200000000000080fe00000000d036,0000000000000000,0,0,0,"_","_"
670,14,0,0004259ba556,00000000000000000000000000000000000000000000000000000000000093d368cb81010331530c0101d3e473fefffb900200000000000080fe00000000d036,0000000000000000,0,0,0,"_","_"
671,15,0,0004259ba557,00000000000000000000000000000000000000000000000000000000000093d368cb81010331530c0101d3e473fefffb900200000000000080fe00000000d036,0000000000000000,0,0,0,"_","_"
672,0,1,000425aaa244,80fe0000000050380087d3e473ff0100000000000000000002ffc10003feff31530e00000000000080feff3a200000000060dd86c1000331530cd3e473ff3333,ffffffffffffffff,0,1,0,"Active","Stream Beat"
673,1,0,000425aaa245,0000000000000000000000000000001e000000000000001e000000000000001e00000000000007ead89bc1000331530c0101d3e473fefffb9002000000000000,00000000003fffff,0,1,1,"Active","Last Stream"
674,2,0,000425aaa246,000000000000000000000000000000000000000000000000000000000000001e000000000000001e000000000000001e00000000000007ead89bc1000331530c,0000000000000000,0,0,0,"_","_"
675,3,0,000425aaa247,000000000000000000000000000000000000000000000000000000000000001e000000000000001e000000000000001e00000000000007ead89bc1000331530c,0000000000000000,0,0,0,"_","_"
676,4,0,000425aaa248,000000000000000000000000000000000000000000000000000000000000001e000000000000001e000000000000001e00000000000007ead89bc1000331530c,0000000000000000,0,0,0,"_","_"
677,5,0,000425aaa249,000000000000000000000000000000000000000000000000000000000000001e000000000000001e000000000000001e00000000000007ead89bc1000331530c,0000000000000000,0,0,0,"_","_"
678,6,0,000425aaa24a,000000000000000000000000000000000000000000000000000000000000001e000000000000001e000000000000001e00000000000007ead89bc1000331530c,0000000000000000,0,0,0,"_","_"
679,7,0,000425aaa24b,000000000000000000000000000000000000000000000000000000000000001e000000000000001e000000000000001e00000000000007ead89bc1000331530c,0000000000000000,0,0,0,"_","_"
680,8,0,000425aaa24c,000000000000000000000000000000000000000000000000000000000000001e000000000000001e000000000000001e00000000000007ead89bc1000331530c,0000000000000000,0,0,0,"_","_"
681,9,0,000425aaa24d,000000000000000000000000000000000000000000000000000000000000001e000000000000001e000000000000001e00000000000007ead89bc1000331530c,0000000000000000,0,0,0,"_","_"
682,10,0,000425aaa24e,000000000000000000000000000000000000000000000000000000000000001e000000000000001e000000000000001e00000000000007ead89bc1000331530c,0000000000000000,0,0,0,"_","_"
683,11,0,000425aaa24f,000000000000000000000000000000000000000000000000000000000000001e000000000000001e000000000000001e00000000000007ead89bc1000331530c,0000000000000000,0,0,0,"_","_"
684,12,0,000425aaa250,000000000000000000000000000000000000000000000000000000000000001e000000000000001e000000000000001e00000000000007ead89bc1000331530c,0000000000000000,0,0,0,"_","_"
685,13,0,000425aaa251,000000000000000000000000000000000000000000000000000000000000001e000000000000001e000000000000001e00000000000007ead89bc1000331530c,0000000000000000,0,0,0,"_","_"
686,14,0,000425aaa252,000000000000000000000000000000000000000000000000000000000000001e000000000000001e000000000000001e00000000000007ead89bc1000331530c,0000000000000000,0,0,0,"_","_"
687,15,0,000425aaa253,000000000000000000000000000000000000000000000000000000000000001e000000000000001e000000000000001e00000000000007ead89bc1000331530c,0000000000000000,0,0,0,"_","_"
688,0,1,000425ac24af,80fe0000000050380087d3e473ff0100000000000000000002ffc10003feff31530e00000000000080feff3a200000000060dd86c1000331530cd3e473ff3333,ffffffffffffffff,0,1,0,"Active","Stream Beat"
689,1,0,000425ac24b0,00000000000007ead89bc1000331530c0101d3e473fefffb900200000000000080fe000000005038d89bc1000331530c0101d3e473fefffb9002000000000000,00000000003fffff,0,1,1,"Active","Last Stream"
690,2,0,000425ac24b1,00000000000000000000000000000000000000000000000000000000000007ead89bc1000331530c0101d3e473fefffb900200000000000080fe000000005038,0000000000000000,0,0,0,"_","_"
691,3,0,000425ac24b2,00000000000000000000000000000000000000000000000000000000000007ead89bc1000331530c0101d3e473fefffb900200000000000080fe000000005038,0000000000000000,0,0,0,"_","_"
692,4,0,000425ac24b3,00000000000000000000000000000000000000000000000000000000000007ead89bc1000331530c0101d3e473fefffb900200000000000080fe000000005038,0000000000000000,0,0,0,"_","_"
693,5,0,000425ac24b4,00000000000000000000000000000000000000000000000000000000000007ead89bc1000331530c0101d3e473fefffb900200000000000080fe000000005038,0000000000000000,0,0,0,"_","_"
694,6,0,000425ac24b5,00000000000000000000000000000000000000000000000000000000000007ead89bc1000331530c0101d3e473fefffb900200000000000080fe000000005038,0000000000000000,0,0,0,"_","_"
695,7,0,000425ac24b6,00000000000000000000000000000000000000000000000000000000000007ead89bc1000331530c0101d3e473fefffb900200000000000080fe000000005038,0000000000000000,0,0,0,"_","_"
696,8,0,000425ac24b7,00000000000000000000000000000000000000000000000000000000000007ead89bc1000331530c0101d3e473fefffb900200000000000080fe000000005038,0000000000000000,0,0,0,"_","_"
697,9,0,000425ac24b8,00000000000000000000000000000000000000000000000000000000000007ead89bc1000331530c0101d3e473fefffb900200000000000080fe000000005038,0000000000000000,0,0,0,"_","_"
698,10,0,000425ac24b9,00000000000000000000000000000000000000000000000000000000000007ead89bc1000331530c0101d3e473fefffb900200000000000080fe000000005038,0000000000000000,0,0,0,"_","_"
699,11,0,000425ac24ba,00000000000000000000000000000000000000000000000000000000000007ead89bc1000331530c0101d3e473fefffb900200000000000080fe000000005038,0000000000000000,0,0,0,"_","_"
700,12,0,000425ac24bb,00000000000000000000000000000000000000000000000000000000000007ead89bc1000331530c0101d3e473fefffb900200000000000080fe000000005038,0000000000000000,0,0,0,"_","_"
701,13,0,000425ac24bc,00000000000000000000000000000000000000000000000000000000000007ead89bc1000331530c0101d3e473fefffb900200000000000080fe000000005038,0000000000000000,0,0,0,"_","_"
702,14,0,000425ac24bd,00000000000000000000000000000000000000000000000000000000000007ead89bc1000331530c0101d3e473fefffb900200000000000080fe000000005038,0000000000000000,0,0,0,"_","_"
703,15,0,000425ac24be,00000000000000000000000000000000000000000000000000000000000007ead89bc1000331530c0101d3e473fefffb900200000000000080fe000000005038,0000000000000000,0,0,0,"_","_"
704,0,1,000447f75ce4,22e20100181f174d0080010000000000000000000000000002ffd3e473fefffb900200000000000080fe013a4000cf850a60dd86d3e473fb9000010000003333,ffffffffffffffff,0,1,0,"Active","Stream Beat"
705,1,0,000447f75ce5,0000000000000000000000000000000031302f2e2d2c2b2a292827262524232221201f1e1d1c1b1a1918171615141312111000000000000e9951000000006933,0000000000000000,0,0,0,"_","_"
706,2,0,000447f75ce6,000000000000ea960fe837363534333231302f2e2d2c2b2a292827262524232221201f1e1d1c1b1a1918171615141312111000000000000e9951000000006933,003fffffffffffff,0,1,1,"Active","Last Stream"
707,3,0,000447f75ce7,000000000000000000000000000000000000000000000000000000000000001e000000000000001e000000000000001e000000000000ea960fe8373635343332,0000000000000000,0,0,0,"_","_"
708,4,0,000447f75ce8,000000000000000000000000000000000000000000000000000000000000001e000000000000001e000000000000001e000000000000ea960fe8373635343332,0000000000000000,0,0,0,"_","_"
709,5,0,000447f75ce9,000000000000000000000000000000000000000000000000000000000000001e000000000000001e000000000000001e000000000000ea960fe8373635343332,0000000000000000,0,0,0,"_","_"
710,6,0,000447f75cea,000000000000000000000000000000000000000000000000000000000000001e000000000000001e000000000000001e000000000000ea960fe8373635343332,0000000000000000,0,0,0,"_","_"
711,7,0,000447f75ceb,000000000000000000000000000000000000000000000000000000000000001e000000000000001e000000000000001e000000000000ea960fe8373635343332,0000000000000000,0,0,0,"_","_"
712,8,0,000447f75cec,000000000000000000000000000000000000000000000000000000000000001e000000000000001e000000000000001e000000000000ea960fe8373635343332,0000000000000000,0,0,0,"_","_"
713,9,0,000447f75ced,000000000000000000000000000000000000000000000000000000000000001e000000000000001e000000000000001e000000000000ea960fe8373635343332,0000000000000000,0,0,0,"_","_"
714,10,0,000447f75cee,000000000000000000000000000000000000000000000000000000000000001e000000000000001e000000000000001e000000000000ea960fe8373635343332,0000000000000000,0,0,0,"_","_"
715,11,0,000447f75cef,000000000000000000000000000000000000000000000000000000000000001e000000000000001e000000000000001e000000000000ea960fe8373635343332,0000000000000000,0,0,0,"_","_"
716,12,0,000447f75cf0,000000000000000000000000000000000000000000000000000000000000001e000000000000001e000000000000001e000000000000ea960fe8373635343332,0000000000000000,0,0,0,"_","_"
717,13,0,000447f75cf1,000000000000000000000000000000000000000000000000000000000000001e000000000000001e000000000000001e000000000000ea960fe8373635343332,0000000000000000,0,0,0,"_","_"
718,14,0,000447f75cf2,000000000000000000000000000000000000000000000000000000000000001e000000000000001e000000000000001e000000000000ea960fe8373635343332,0000000000000000,0,0,0,"_","_"
719,15,0,000447f75cf3,000000000000000000000000000000000000000000000000000000000000001e000000000000001e000000000000001e000000000000ea960fe8373635343332,0000000000000000,0,0,0,"_","_"
720,0,1,000447f785b7,80fe0000000050390087d3e473ff0100000000000000000002ff410003feff31530e00000000000080feff3a200000000060dd8641000331530cd3e473ff3333,ffffffffffffffff,0,1,0,"Active","Stream Beat"
721,1,0,000447f785b8,000000000000001e000000000000001e000000000000001e000000000000001e00000000000056f53d5041000331530c0101d3e473fefffb9002000000000000,00000000003fffff,0,1,1,"Active","Last Stream"
722,2,0,000447f785b9,000000000000000000000000000000000000000000000000000000000000001e000000000000001e000000000000001e000000000000001e00000000000056f5,0000000000000000,0,0,0,"_","_"
723,3,0,000447f785ba,000000000000000000000000000000000000000000000000000000000000001e000000000000001e000000000000001e000000000000001e00000000000056f5,0000000000000000,0,0,0,"_","_"
724,4,0,000447f785bb,000000000000000000000000000000000000000000000000000000000000001e000000000000001e000000000000001e000000000000001e00000000000056f5,0000000000000000,0,0,0,"_","_"
725,5,0,000447f785bc,000000000000000000000000000000000000000000000000000000000000001e000000000000001e000000000000001e000000000000001e00000000000056f5,0000000000000000,0,0,0,"_","_"
726,6,0,000447f785bd,000000000000000000000000000000000000000000000000000000000000001e000000000000001e000000000000001e000000000000001e00000000000056f5,0000000000000000,0,0,0,"_","_"
727,7,0,000447f785be,000000000000000000000000000000000000000000000000000000000000001e000000000000001e000000000000001e000000000000001e00000000000056f5,0000000000000000,0,0,0,"_","_"
728,8,0,000447f785bf,000000000000000000000000000000000000000000000000000000000000001e000000000000001e000000000000001e000000000000001e00000000000056f5,0000000000000000,0,0,0,"_","_"
729,9,0,000447f785c0,000000000000000000000000000000000000000000000000000000000000001e000000000000001e000000000000001e000000000000001e00000000000056f5,0000000000000000,0,0,0,"_","_"
730,10,0,000447f785c1,000000000000000000000000000000000000000000000000000000000000001e000000000000001e000000000000001e000000000000001e00000000000056f5,0000000000000000,0,0,0,"_","_"
731,11,0,000447f785c2,000000000000000000000000000000000000000000000000000000000000001e000000000000001e000000000000001e000000000000001e00000000000056f5,0000000000000000,0,0,0,"_","_"
732,12,0,000447f785c3,000000000000000000000000000000000000000000000000000000000000001e000000000000001e000000000000001e000000000000001e00000000000056f5,0000000000000000,0,0,0,"_","_"
733,13,0,000447f785c4,000000000000000000000000000000000000000000000000000000000000001e000000000000001e000000000000001e000000000000001e00000000000056f5,0000000000000000,0,0,0,"_","_"
734,14,0,000447f785c5,000000000000000000000000000000000000000000000000000000000000001e000000000000001e000000000000001e000000000000001e00000000000056f5,0000000000000000,0,0,0,"_","_"
735,15,0,000447f785c6,000000000000000000000000000000000000000000000000000000000000001e000000000000001e000000000000001e000000000000001e00000000000056f5,0000000000000000,0,0,0,"_","_"
736,0,1,000447f78e72,80fe0000000090380087d3e473ff0100000000000000000002ffa10003feff31530e00000000000080feff3a200000000060dd86a1000331530cd3e473ff3333,ffffffffffffffff,0,1,0,"Active","Stream Beat"
737,1,0,000447f78e73,000000000000c70598a3a1000331530c0101d3e473fefffb900200000000000080fe00000000903898a3a1000331530c0101d3e473fefffb9002000000000000,00000000003fffff,0,1,1,"Active","Last Stream"
738,2,0,000447f78e74,000000000000000000000000000000000000000000000000000000000000c70598a3a1000331530c0101d3e473fefffb900200000000000080fe000000009038,0000000000000000,0,0,0,"_","_"
739,3,0,000447f78e75,000000000000000000000000000000000000000000000000000000000000c70598a3a1000331530c0101d3e473fefffb900200000000000080fe000000009038,0000000000000000,0,0,0,"_","_"
740,4,0,000447f78e76,000000000000000000000000000000000000000000000000000000000000c70598a3a1000331530c0101d3e473fefffb900200000000000080fe000000009038,0000000000000000,0,0,0,"_","_"
741,5,0,000447f78e77,000000000000000000000000000000000000000000000000000000000000c70598a3a1000331530c0101d3e473fefffb900200000000000080fe000000009038,0000000000000000,0,0,0,"_","_"
742,6,0,000447f78e78,000000000000000000000000000000000000000000000000000000000000c70598a3a1000331530c0101d3e473fefffb900200000000000080fe000000009038,0000000000000000,0,0,0,"_","_"
743,7,0,000447f78e79,000000000000000000000000000000000000000000000000000000000000c70598a3a1000331530c0101d3e473fefffb900200000000000080fe000000009038,0000000000000000,0,0,0,"_","_"
744,8,0,000447f78e7a,000000000000000000000000000000000000000000000000000000000000c70598a3a1000331530c0101d3e473fefffb900200000000000080fe000000009038,0000000000000000,0,0,0,"_","_"
745,9,0,000447f78e7b,000000000000000000000000000000000000000000000000000000000000c70598a3a1000331530c0101d3e473fefffb900200000000000080fe000000009038,0000000000000000,0,0,0,"_","_"
746,10,0,000447f78e7c,000000000000000000000000000000000000000000000000000000000000c70598a3a1000331530c0101d3e473fefffb900200000000000080fe000000009038,0000000000000000,0,0,0,"_","_"
747,11,0,000447f78e7d,000000000000000000000000000000000000000000000000000000000000c70598a3a1000331530c0101d3e473fefffb900200000000000080fe000000009038,0000000000000000,0,0,0,"_","_"
748,12,0,000447f78e7e,000000000000000000000000000000000000000000000000000000000000c70598a3a1000331530c0101d3e473fefffb900200000000000080fe000000009038,0000000000000000,0,0,0,"_","_"
749,13,0,000447f78e7f,000000000000000000000000000000000000000000000000000000000000c70598a3a1000331530c0101d3e473fefffb900200000000000080fe000000009038,0000000000000000,0,0,0,"_","_"
750,14,0,000447f78e80,000000000000000000000000000000000000000000000000000000000000c70598a3a1000331530c0101d3e473fefffb900200000000000080fe000000009038,0000000000000000,0,0,0,"_","_"
751,15,0,000447f78e81,000000000000000000000000000000000000000000000000000000000000c70598a3a1000331530c0101d3e473fefffb900200000000000080fe000000009038,0000000000000000,0,0,0,"_","_"
752,0,1,000447f7936e,80fe0000000050380087d3e473ff0100000000000000000002ffc10003feff31530e00000000000080feff3a200000000060dd86c1000331530cd3e473ff3333,ffffffffffffffff,0,1,0,"Active","Stream Beat"
753,1,0,000447f7936f,0000000000000000000000000000001e000000000000001e000000000000001e00000000000007ead89bc1000331530c0101d3e473fefffb9002000000000000,00000000003fffff,0,1,1,"Active","Last Stream"
754,2,0,000447f79370,000000000000000000000000000000000000000000000000000000000000001e000000000000001e000000000000001e00000000000007ead89bc1000331530c,0000000000000000,0,0,0,"_","_"
755,3,0,000447f79371,000000000000000000000000000000000000000000000000000000000000001e000000000000001e000000000000001e00000000000007ead89bc1000331530c,0000000000000000,0,0,0,"_","_"
756,4,0,000447f79372,000000000000000000000000000000000000000000000000000000000000001e000000000000001e000000000000001e00000000000007ead89bc1000331530c,0000000000000000,0,0,0,"_","_"
757,5,0,000447f79373,000000000000000000000000000000000000000000000000000000000000001e000000000000001e000000000000001e00000000000007ead89bc1000331530c,0000000000000000,0,0,0,"_","_"
758,6,0,000447f79374,000000000000000000000000000000000000000000000000000000000000001e000000000000001e000000000000001e00000000000007ead89bc1000331530c,0000000000000000,0,0,0,"_","_"
759,7,0,000447f79375,000000000000000000000000000000000000000000000000000000000000001e000000000000001e000000000000001e00000000000007ead89bc1000331530c,0000000000000000,0,0,0,"_","_"
760,8,0,000447f79376,000000000000000000000000000000000000000000000000000000000000001e000000000000001e000000000000001e00000000000007ead89bc1000331530c,0000000000000000,0,0,0,"_","_"
761,9,0,000447f79377,000000000000000000000000000000000000000000000000000000000000001e000000000000001e000000000000001e00000000000007ead89bc1000331530c,0000000000000000,0,0,0,"_","_"
762,10,0,000447f79378,000000000000000000000000000000000000000000000000000000000000001e000000000000001e000000000000001e00000000000007ead89bc1000331530c,0000000000000000,0,0,0,"_","_"
763,11,0,000447f79379,000000000000000000000000000000000000000000000000000000000000001e000000000000001e000000000000001e00000000000007ead89bc1000331530c,0000000000000000,0,0,0,"_","_"
764,12,0,000447f7937a,000000000000000000000000000000000000000000000000000000000000001e000000000000001e000000000000001e00000000000007ead89bc1000331530c,0000000000000000,0,0,0,"_","_"
765,13,0,000447f7937b,000000000000000000000000000000000000000000000000000000000000001e000000000000001e000000000000001e00000000000007ead89bc1000331530c,0000000000000000,0,0,0,"_","_"
766,14,0,000447f7937c,000000000000000000000000000000000000000000000000000000000000001e000000000000001e000000000000001e00000000000007ead89bc1000331530c,0000000000000000,0,0,0,"_","_"
767,15,0,000447f7937d,000000000000000000000000000000000000000000000000000000000000001e000000000000001e000000000000001e00000000000007ead89bc1000331530c,0000000000000000,0,0,0,"_","_"
768,0,1,000447f79f7d,80fe00000000d0360087d3e473ff0100000000000000000002ff810103feff31530e00000000000080feff3a200000000060dd8681010331530cd3e473ff3333,ffffffffffffffff,0,1,0,"Active","Stream Beat"
769,1,0,000447f79f7e,00000000000000000000000000000000000000000000001e000000000000001e00000000000093d368cb81010331530c0101d3e473fefffb9002000000000000,00000000003fffff,0,1,1,"Active","Last Stream"
770,2,0,000447f79f7f,000000000000000000000000000000000000000000000000000000000000001e000000000000001e00000000000093d368cb81010331530c0101d3e473fefffb,0000000000000000,0,0,0,"_","_"
771,3,0,000447f79f80,000000000000000000000000000000000000000000000000000000000000001e000000000000001e00000000000093d368cb81010331530c0101d3e473fefffb,0000000000000000,0,0,0,"_","_"
772,4,0,000447f79f81,000000000000000000000000000000000000000000000000000000000000001e000000000000001e00000000000093d368cb81010331530c0101d3e473fefffb,0000000000000000,0,0,0,"_","_"
773,5,0,000447f79f82,000000000000000000000000000000000000000000000000000000000000001e000000000000001e00000000000093d368cb81010331530c0101d3e473fefffb,0000000000000000,0,0,0,"_","_"
774,6,0,000447f79f83,000000000000000000000000000000000000000000000000000000000000001e000000000000001e00000000000093d368cb81010331530c0101d3e473fefffb,0000000000000000,0,0,0,"_","_"
775,7,0,000447f79f84,000000000000000000000000000000000000000000000000000000000000001e000000000000001e00000000000093d368cb81010331530c0101d3e473fefffb,0000000000000000,0,0,0,"_","_"
776,8,0,000447f79f85,000000000000000000000000000000000000000000000000000000000000001e000000000000001e00000000000093d368cb81010331530c0101d3e473fefffb,0000000000000000,0,0,0,"_","_"
777,9,0,000447f79f86,000000000000000000000000000000000000000000000000000000000000001e000000000000001e00000000000093d368cb81010331530c0101d3e473fefffb,0000000000000000,0,0,0,"_","_"
778,10,0,000447f79f87,000000000000000000000000000000000000000000000000000000000000001e000000000000001e00000000000093d368cb81010331530c0101d3e473fefffb,0000000000000000,0,0,0,"_","_"
779,11,0,000447f79f88,000000000000000000000000000000000000000000000000000000000000001e000000000000001e00000000000093d368cb81010331530c0101d3e473fefffb,0000000000000000,0,0,0,"_","_"
780,12,0,000447f79f89,000000000000000000000000000000000000000000000000000000000000001e000000000000001e00000000000093d368cb81010331530c0101d3e473fefffb,0000000000000000,0,0,0,"_","_"
781,13,0,000447f79f8a,000000000000000000000000000000000000000000000000000000000000001e000000000000001e00000000000093d368cb81010331530c0101d3e473fefffb,0000000000000000,0,0,0,"_","_"
782,14,0,000447f79f8b,000000000000000000000000000000000000000000000000000000000000001e000000000000001e00000000000093d368cb81010331530c0101d3e473fefffb,0000000000000000,0,0,0,"_","_"
783,15,0,000447f79f8c,000000000000000000000000000000000000000000000000000000000000001e000000000000001e00000000000093d368cb81010331530c0101d3e473fefffb,0000000000000000,0,0,0,"_","_"
784,0,1,000447f79fdc,80fe0000000090360087d3e473ff0100000000000000000002ffa10103feff31530e00000000000080feff3a200000000060dd86a1010331530cd3e473ff3333,ffffffffffffffff,0,1,0,"Active","Stream Beat"
785,1,0,000447f79fdd,00000000000000000000000000000000000000000000001e000000000000001e0000000000006559551ca1010331530c0101d3e473fefffb9002000000000000,00000000003fffff,0,1,1,"Active","Last Stream"
786,2,0,000447f79fde,000000000000000000000000000000000000000000000000000000000000001e000000000000001e0000000000006559551ca1010331530c0101d3e473fefffb,0000000000000000,0,0,0,"_","_"
787,3,0,000447f79fdf,000000000000000000000000000000000000000000000000000000000000001e000000000000001e0000000000006559551ca1010331530c0101d3e473fefffb,0000000000000000,0,0,0,"_","_"
788,4,0,000447f79fe0,000000000000000000000000000000000000000000000000000000000000001e000000000000001e0000000000006559551ca1010331530c0101d3e473fefffb,0000000000000000,0,0,0,"_","_"
789,5,0,000447f79fe1,000000000000000000000000000000000000000000000000000000000000001e000000000000001e0000000000006559551ca1010331530c0101d3e473fefffb,0000000000000000,0,0,0,"_","_"
790,6,0,000447f79fe2,000000000000000000000000000000000000000000000000000000000000001e000000000000001e0000000000006559551ca1010331530c0101d3e473fefffb,0000000000000000,0,0,0,"_","_"
791,7,0,000447f79fe3,000000000000000000000000000000000000000000000000000000000000001e000000000000001e0000000000006559551ca1010331530c0101d3e473fefffb,0000000000000000,0,0,0,"_","_"
792,8,0,000447f79fe4,000000000000000000000000000000000000000000000000000000000000001e000000000000001e0000000000006559551ca1010331530c0101d3e473fefffb,0000000000000000,0,0,0,"_","_"
793,9,0,000447f79fe5,000000000000000000000000000000000000000000000000000000000000001e000000000000001e0000000000006559551ca1010331530c0101d3e473fefffb,0000000000000000,0,0,0,"_","_"
794,10,0,000447f79fe6,000000000000000000000000000000000000000000000000000000000000001e000000000000001e0000000000006559551ca1010331530c0101d3e473fefffb,0000000000000000,0,0,0,"_","_"
795,11,0,000447f79fe7,000000000000000000000000000000000000000000000000000000000000001e000000000000001e0000000000006559551ca1010331530c0101d3e473fefffb,0000000000000000,0,0,0,"_","_"
796,12,0,000447f79fe8,000000000000000000000000000000000000000000000000000000000000001e000000000000001e0000000000006559551ca1010331530c0101d3e473fefffb,0000000000000000,0,0,0,"_","_"
797,13,0,000447f79fe9,000000000000000000000000000000000000000000000000000000000000001e000000000000001e0000000000006559551ca1010331530c0101d3e473fefffb,0000000000000000,0,0,0,"_","_"
798,14,0,000447f79fea,000000000000000000000000000000000000000000000000000000000000001e000000000000001e0000000000006559551ca1010331530c0101d3e473fefffb,0000000000000000,0,0,0,"_","_"
799,15,0,000447f79feb,000000000000000000000000000000000000000000000000000000000000001e000000000000001e0000000000006559551ca1010331530c0101d3e473fefffb,0000000000000000,0,0,0,"_","_"
800,0,1,000447f7a676,80fe0000000010370087d3e473ff0100000000000000000002ff610103feff31530e00000000000080feff3a200000000060dd8661010331530cd3e473ff3333,ffffffffffffffff,0,1,0,"Active","Stream Beat"
801,1,0,000447f7a677,0000000000000223cd3861010331530c0101d3e473fefffb900200000000000080fe000000001037cd3861010331530c0101d3e473fefffb9002000000000000,00000000003fffff,0,1,1,"Active","Last Stream"
802,2,0,000447f7a678,0000000000000000000000000000000000000000000000000000000000000223cd3861010331530c0101d3e473fefffb900200000000000080fe000000001037,0000000000000000,0,0,0,"_","_"
803,3,0,000447f7a679,0000000000000000000000000000000000000000000000000000000000000223cd3861010331530c0101d3e473fefffb900200000000000080fe000000001037,0000000000000000,0,0,0,"_","_"
804,4,0,000447f7a67a,0000000000000000000000000000000000000000000000000000000000000223cd3861010331530c0101d3e473fefffb900200000000000080fe000000001037,0000000000000000,0,0,0,"_","_"
805,5,0,000447f7a67b,0000000000000000000000000000000000000000000000000000000000000223cd3861010331530c0101d3e473fefffb900200000000000080fe000000001037,0000000000000000,0,0,0,"_","_"
806,6,0,000447f7a67c,0000000000000000000000000000000000000000000000000000000000000223cd3861010331530c0101d3e473fefffb900200000000000080fe000000001037,0000000000000000,0,0,0,"_","_"
807,7,0,000447f7a67d,0000000000000000000000000000000000000000000000000000000000000223cd3861010331530c0101d3e473fefffb900200000000000080fe000000001037,0000000000000000,0,0,0,"_","_"
808,8,0,000447f7a67e,0000000000000000000000000000000000000000000000000000000000000223cd3861010331530c0101d3e473fefffb900200000000000080fe000000001037,0000000000000000,0,0,0,"_","_"
809,9,0,000447f7a67f,0000000000000000000000000000000000000000000000000000000000000223cd3861010331530c0101d3e473fefffb900200000000000080fe000000001037,0000000000000000,0,0,0,"_","_"
810,10,0,000447f7a680,0000000000000000000000000000000000000000000000000000000000000223cd3861010331530c0101d3e473fefffb900200000000000080fe000000001037,0000000000000000,0,0,0,"_","_"
811,11,0,000447f7a681,0000000000000000000000000000000000000000000000000000000000000223cd3861010331530c0101d3e473fefffb900200000000000080fe000000001037,0000000000000000,0,0,0,"_","_"
812,12,0,000447f7a682,0000000000000000000000000000000000000000000000000000000000000223cd3861010331530c0101d3e473fefffb900200000000000080fe000000001037,0000000000000000,0,0,0,"_","_"
813,13,0,000447f7a683,0000000000000000000000000000000000000000000000000000000000000223cd3861010331530c0101d3e473fefffb900200000000000080fe000000001037,0000000000000000,0,0,0,"_","_"
814,14,0,000447f7a684,0000000000000000000000000000000000000000000000000000000000000223cd3861010331530c0101d3e473fefffb900200000000000080fe000000001037,0000000000000000,0,0,0,"_","_"
815,15,0,000447f7a685,0000000000000000000000000000000000000000000000000000000000000223cd3861010331530c0101d3e473fefffb900200000000000080fe000000001037,0000000000000000,0,0,0,"_","_"
816,0,1,000447f7d5c1,80fe00000000ef610087d3e473ff0100000000000000000002ff91a063feff1452f600000000000080feff3a200000000060dd8691a0631452f4d3e473ff3333,ffffffffffffffff,0,1,0,"Active","Stream Beat"
817,1,0,000447f7d5c2,0000000000000000000000000000001e000000000000001e000000000000001e0000000000002cc79ebd91a0631452f40101d3e473fefffb9002000000000000,00000000003fffff,0,1,1,"Active","Last Stream"
818,2,0,000447f7d5c3,000000000000000000000000000000000000000000000000000000000000001e000000000000001e000000000000001e0000000000002cc79ebd91a0631452f4,0000000000000000,0,0,0,"_","_"
819,3,0,000447f7d5c4,000000000000000000000000000000000000000000000000000000000000001e000000000000001e000000000000001e0000000000002cc79ebd91a0631452f4,0000000000000000,0,0,0,"_","_"
820,4,0,000447f7d5c5,000000000000000000000000000000000000000000000000000000000000001e000000000000001e000000000000001e0000000000002cc79ebd91a0631452f4,0000000000000000,0,0,0,"_","_"
821,5,0,000447f7d5c6,000000000000000000000000000000000000000000000000000000000000001e000000000000001e000000000000001e0000000000002cc79ebd91a0631452f4,0000000000000000,0,0,0,"_","_"
822,6,0,000447f7d5c7,000000000000000000000000000000000000000000000000000000000000001e000000000000001e000000000000001e0000000000002cc79ebd91a0631452f4,0000000000000000,0,0,0,"_","_"
823,7,0,000447f7d5c8,000000000000000000000000000000000000000000000000000000000000001e000000000000001e000000000000001e0000000000002cc79ebd91a0631452f4,0000000000000000,0,0,0,"_","_"
824,8,0,000447f7d5c9,000000000000000000000000000000000000000000000000000000000000001e000000000000001e000000000000001e0000000000002cc79ebd91a0631452f4,0000000000000000,0,0,0,"_","_"
825,9,0,000447f7d5ca,000000000000000000000000000000000000000000000000000000000000001e000000000000001e000000000000001e0000000000002cc79ebd91a0631452f4,0000000000000000,0,0,0,"_","_"
826,10,0,000447f7d5cb,000000000000000000000000000000000000000000000000000000000000001e000000000000001e000000000000001e0000000000002cc79ebd91a0631452f4,0000000000000000,0,0,0,"_","_"
827,11,0,000447f7d5cc,000000000000000000000000000000000000000000000000000000000000001e000000000000001e000000000000001e0000000000002cc79ebd91a0631452f4,0000000000000000,0,0,0,"_","_"
828,12,0,000447f7d5cd,000000000000000000000000000000000000000000000000000000000000001e000000000000001e000000000000001e0000000000002cc79ebd91a0631452f4,0000000000000000,0,0,0,"_","_"
829,13,0,000447f7d5ce,000000000000000000000000000000000000000000000000000000000000001e000000000000001e000000000000001e0000000000002cc79ebd91a0631452f4,0000000000000000,0,0,0,"_","_"
830,14,0,000447f7d5cf,000000000000000000000000000000000000000000000000000000000000001e000000000000001e000000000000001e0000000000002cc79ebd91a0631452f4,0000000000000000,0,0,0,"_","_"
831,15,0,000447f7d5d0,000000000000000000000000000000000000000000000000000000000000001e000000000000001e000000000000001e0000000000002cc79ebd91a0631452f4,0000000000000000,0,0,0,"_","_"
832,0,1,000447f8a655,80fe0000000050390087d3e473ff0100000000000000000002ff410003feff31530e00000000000080feff3a200000000060dd8641000331530cd3e473ff3333,ffffffffffffffff,0,1,0,"Active","Stream Beat"
833,1,0,000447f8a656,000000000000000000000000000000000000000000000000000000000000001e00000000000056f53d5041000331530c0101d3e473fefffb9002000000000000,00000000003fffff,0,1,1,"Active","Last Stream"
834,2,0,000447f8a657,000000000000000000000000000000000000000000000000000000000000001e00000000000056f53d5041000331530c0101d3e473fefffb9002000000000000,0000000000000000,0,0,0,"_","_"
835,3,0,000447f8a658,000000000000000000000000000000000000000000000000000000000000001e00000000000056f53d5041000331530c0101d3e473fefffb9002000000000000,0000000000000000,0,0,0,"_","_"
836,4,0,000447f8a659,000000000000000000000000000000000000000000000000000000000000001e00000000000056f53d5041000331530c0101d3e473fefffb9002000000000000,0000000000000000,0,0,0,"_","_"
837,5,0,000447f8a65a,000000000000000000000000000000000000000000000000000000000000001e00000000000056f53d5041000331530c0101d3e473fefffb9002000000000000,0000000000000000,0,0,0,"_","_"
838,6,0,000447f8a65b,000000000000000000000000000000000000000000000000000000000000001e00000000000056f53d5041000331530c0101d3e473fefffb9002000000000000,0000000000000000,0,0,0,"_","_"
839,7,0,000447f8a65c,000000000000000000000000000000000000000000000000000000000000001e00000000000056f53d5041000331530c0101d3e473fefffb9002000000000000,0000000000000000,0,0,0,"_","_"
840,8,0,000447f8a65d,000000000000000000000000000000000000000000000000000000000000001e00000000000056f53d5041000331530c0101d3e473fefffb9002000000000000,0000000000000000,0,0,0,"_","_"
841,9,0,000447f8a65e,000000000000000000000000000000000000000000000000000000000000001e00000000000056f53d5041000331530c0101d3e473fefffb9002000000000000,0000000000000000,0,0,0,"_","_"
842,10,0,000447f8a65f,000000000000000000000000000000000000000000000000000000000000001e00000000000056f53d5041000331530c0101d3e473fefffb9002000000000000,0000000000000000,0,0,0,"_","_"
843,11,0,000447f8a660,000000000000000000000000000000000000000000000000000000000000001e00000000000056f53d5041000331530c0101d3e473fefffb9002000000000000,0000000000000000,0,0,0,"_","_"
844,12,0,000447f8a661,000000000000000000000000000000000000000000000000000000000000001e00000000000056f53d5041000331530c0101d3e473fefffb9002000000000000,0000000000000000,0,0,0,"_","_"
845,13,0,000447f8a662,000000000000000000000000000000000000000000000000000000000000001e00000000000056f53d5041000331530c0101d3e473fefffb9002000000000000,0000000000000000,0,0,0,"_","_"
846,14,0,000447f8a663,000000000000000000000000000000000000000000000000000000000000001e00000000000056f53d5041000331530c0101d3e473fefffb9002000000000000,0000000000000000,0,0,0,"_","_"
847,15,0,000447f8a664,000000000000000000000000000000000000000000000000000000000000001e00000000000056f53d5041000331530c0101d3e473fefffb9002000000000000,0000000000000000,0,0,0,"_","_"
848,0,1,000447f90b70,80fe0000000090380087d3e473ff0100000000000000000002ffa10003feff31530e00000000000080feff3a200000000060dd86a1000331530cd3e473ff3333,ffffffffffffffff,0,1,0,"Active","Stream Beat"
849,1,0,000447f90b71,00000000000000000000000000000000000000000000001e000000000000001e000000000000c70598a3a1000331530c0101d3e473fefffb9002000000000000,00000000003fffff,0,1,1,"Active","Last Stream"
850,2,0,000447f90b72,000000000000000000000000000000000000000000000000000000000000001e000000000000001e000000000000c70598a3a1000331530c0101d3e473fefffb,0000000000000000,0,0,0,"_","_"
851,3,0,000447f90b73,000000000000000000000000000000000000000000000000000000000000001e000000000000001e000000000000c70598a3a1000331530c0101d3e473fefffb,0000000000000000,0,0,0,"_","_"
852,4,0,000447f90b74,000000000000000000000000000000000000000000000000000000000000001e000000000000001e000000000000c70598a3a1000331530c0101d3e473fefffb,0000000000000000,0,0,0,"_","_"
853,5,0,000447f90b75,000000000000000000000000000000000000000000000000000000000000001e000000000000001e000000000000c70598a3a1000331530c0101d3e473fefffb,0000000000000000,0,0,0,"_","_"
854,6,0,000447f90b76,000000000000000000000000000000000000000000000000000000000000001e000000000000001e000000000000c70598a3a1000331530c0101d3e473fefffb,0000000000000000,0,0,0,"_","_"
855,7,0,000447f90b77,000000000000000000000000000000000000000000000000000000000000001e000000000000001e000000000000c70598a3a1000331530c0101d3e473fefffb,0000000000000000,0,0,0,"_","_"
856,8,0,000447f90b78,000000000000000000000000000000000000000000000000000000000000001e000000000000001e000000000000c70598a3a1000331530c0101d3e473fefffb,0000000000000000,0,0,0,"_","_"
857,9,0,000447f90b79,000000000000000000000000000000000000000000000000000000000000001e000000000000001e000000000000c70598a3a1000331530c0101d3e473fefffb,0000000000000000,0,0,0,"_","_"
858,10,0,000447f90b7a,000000000000000000000000000000000000000000000000000000000000001e000000000000001e000000000000c70598a3a1000331530c0101d3e473fefffb,0000000000000000,0,0,0,"_","_"
859,11,0,000447f90b7b,000000000000000000000000000000000000000000000000000000000000001e000000000000001e000000000000c70598a3a1000331530c0101d3e473fefffb,0000000000000000,0,0,0,"_","_"
860,12,0,000447f90b7c,000000000000000000000000000000000000000000000000000000000000001e000000000000001e000000000000c70598a3a1000331530c0101d3e473fefffb,0000000000000000,0,0,0,"_","_"
861,13,0,000447f90b7d,000000000000000000000000000000000000000000000000000000000000001e000000000000001e000000000000c70598a3a1000331530c0101d3e473fefffb,0000000000000000,0,0,0,"_","_"
862,14,0,000447f90b7e,000000000000000000000000000000000000000000000000000000000000001e000000000000001e000000000000c70598a3a1000331530c0101d3e473fefffb,0000000000000000,0,0,0,"_","_"
863,15,0,000447f90b7f,000000000000000000000000000000000000000000000000000000000000001e000000000000001e000000000000c70598a3a1000331530c0101d3e473fefffb,0000000000000000,0,0,0,"_","_"
864,0,1,000447f97826,80fe0000000050380087d3e473ff0100000000000000000002ffc10003feff31530e00000000000080feff3a200000000060dd86c1000331530cd3e473ff3333,ffffffffffffffff,0,1,0,"Active","Stream Beat"
865,1,0,000447f97827,000000000000001e000000000000001e000000000000001e000000000000001e00000000000007ead89bc1000331530c0101d3e473fefffb9002000000000000,00000000003fffff,0,1,1,"Active","Last Stream"
866,2,0,000447f97828,000000000000000000000000000000000000000000000000000000000000001e000000000000001e000000000000001e000000000000001e00000000000007ea,0000000000000000,0,0,0,"_","_"
867,3,0,000447f97829,000000000000000000000000000000000000000000000000000000000000001e000000000000001e000000000000001e000000000000001e00000000000007ea,0000000000000000,0,0,0,"_","_"
868,4,0,000447f9782a,000000000000000000000000000000000000000000000000000000000000001e000000000000001e000000000000001e000000000000001e00000000000007ea,0000000000000000,0,0,0,"_","_"
869,5,0,000447f9782b,000000000000000000000000000000000000000000000000000000000000001e000000000000001e000000000000001e000000000000001e00000000000007ea,0000000000000000,0,0,0,"_","_"
870,6,0,000447f9782c,000000000000000000000000000000000000000000000000000000000000001e000000000000001e000000000000001e000000000000001e00000000000007ea,0000000000000000,0,0,0,"_","_"
871,7,0,000447f9782d,000000000000000000000000000000000000000000000000000000000000001e000000000000001e000000000000001e000000000000001e00000000000007ea,0000000000000000,0,0,0,"_","_"
872,8,0,000447f9782e,000000000000000000000000000000000000000000000000000000000000001e000000000000001e000000000000001e000000000000001e00000000000007ea,0000000000000000,0,0,0,"_","_"
873,9,0,000447f9782f,000000000000000000000000000000000000000000000000000000000000001e000000000000001e000000000000001e000000000000001e00000000000007ea,0000000000000000,0,0,0,"_","_"
874,10,0,000447f97830,000000000000000000000000000000000000000000000000000000000000001e000000000000001e000000000000001e000000000000001e00000000000007ea,0000000000000000,0,0,0,"_","_"
875,11,0,000447f97831,000000000000000000000000000000000000000000000000000000000000001e000000000000001e000000000000001e000000000000001e00000000000007ea,0000000000000000,0,0,0,"_","_"
876,12,0,000447f97832,000000000000000000000000000000000000000000000000000000000000001e000000000000001e000000000000001e000000000000001e00000000000007ea,0000000000000000,0,0,0,"_","_"
877,13,0,000447f97833,000000000000000000000000000000000000000000000000000000000000001e000000000000001e000000000000001e000000000000001e00000000000007ea,0000000000000000,0,0,0,"_","_"
878,14,0,000447f97834,000000000000000000000000000000000000000000000000000000000000001e000000000000001e000000000000001e000000000000001e00000000000007ea,0000000000000000,0,0,0,"_","_"
879,15,0,000447f97835,000000000000000000000000000000000000000000000000000000000000001e000000000000001e000000000000001e000000000000001e00000000000007ea,0000000000000000,0,0,0,"_","_"
880,0,1,000447facb9c,80fe00000000ef610087d3e473ff0100000000000000000002ff91a063feff1452f600000000000080feff3a200000000060dd8691a0631452f4d3e473ff3333,ffffffffffffffff,0,1,0,"Active","Stream Beat"
881,1,0,000447facb9d,000000000000000000000000000000000000000000000000000000000000001e0000000000002cc79ebd91a0631452f40101d3e473fefffb9002000000000000,00000000003fffff,0,1,1,"Active","Last Stream"
882,2,0,000447facb9e,000000000000000000000000000000000000000000000000000000000000001e0000000000002cc79ebd91a0631452f40101d3e473fefffb9002000000000000,0000000000000000,0,0,0,"_","_"
883,3,0,000447facb9f,000000000000000000000000000000000000000000000000000000000000001e0000000000002cc79ebd91a0631452f40101d3e473fefffb9002000000000000,0000000000000000,0,0,0,"_","_"
884,4,0,000447facba0,000000000000000000000000000000000000000000000000000000000000001e0000000000002cc79ebd91a0631452f40101d3e473fefffb9002000000000000,0000000000000000,0,0,0,"_","_"
885,5,0,000447facba1,000000000000000000000000000000000000000000000000000000000000001e0000000000002cc79ebd91a0631452f40101d3e473fefffb9002000000000000,0000000000000000,0,0,0,"_","_"
886,6,0,000447facba2,000000000000000000000000000000000000000000000000000000000000001e0000000000002cc79ebd91a0631452f40101d3e473fefffb9002000000000000,0000000000000000,0,0,0,"_","_"
887,7,0,000447facba3,000000000000000000000000000000000000000000000000000000000000001e0000000000002cc79ebd91a0631452f40101d3e473fefffb9002000000000000,0000000000000000,0,0,0,"_","_"
888,8,0,000447facba4,000000000000000000000000000000000000000000000000000000000000001e0000000000002cc79ebd91a0631452f40101d3e473fefffb9002000000000000,0000000000000000,0,0,0,"_","_"
889,9,0,000447facba5,000000000000000000000000000000000000000000000000000000000000001e0000000000002cc79ebd91a0631452f40101d3e473fefffb9002000000000000,0000000000000000,0,0,0,"_","_"
890,10,0,000447facba6,000000000000000000000000000000000000000000000000000000000000001e0000000000002cc79ebd91a0631452f40101d3e473fefffb9002000000000000,0000000000000000,0,0,0,"_","_"
891,11,0,000447facba7,000000000000000000000000000000000000000000000000000000000000001e0000000000002cc79ebd91a0631452f40101d3e473fefffb9002000000000000,0000000000000000,0,0,0,"_","_"
892,12,0,000447facba8,000000000000000000000000000000000000000000000000000000000000001e0000000000002cc79ebd91a0631452f40101d3e473fefffb9002000000000000,0000000000000000,0,0,0,"_","_"
893,13,0,000447facba9,000000000000000000000000000000000000000000000000000000000000001e0000000000002cc79ebd91a0631452f40101d3e473fefffb9002000000000000,0000000000000000,0,0,0,"_","_"
894,14,0,000447facbaa,000000000000000000000000000000000000000000000000000000000000001e0000000000002cc79ebd91a0631452f40101d3e473fefffb9002000000000000,0000000000000000,0,0,0,"_","_"
895,15,0,000447facbab,000000000000000000000000000000000000000000000000000000000000001e0000000000002cc79ebd91a0631452f40101d3e473fefffb9002000000000000,0000000000000000,0,0,0,"_","_"
896,0,1,00045b5d616a,80fe0000000090360087d3e473ff0100000000000000000002ffa10103feff31530e00000000000080feff3a200000000060dd86a1010331530cd3e473ff3333,ffffffffffffffff,0,1,0,"Active","Stream Beat"
897,1,0,00045b5d616b,000000000000001e000000000000001e000000000000001e000000000000001e0000000000006559551ca1010331530c0101d3e473fefffb9002000000000000,00000000003fffff,0,1,1,"Active","Last Stream"
898,2,0,00045b5d616c,000000000000000000000000000000000000000000000000000000000000001e000000000000001e000000000000001e000000000000001e0000000000006559,0000000000000000,0,0,0,"_","_"
899,3,0,00045b5d616d,000000000000000000000000000000000000000000000000000000000000001e000000000000001e000000000000001e000000000000001e0000000000006559,0000000000000000,0,0,0,"_","_"
900,4,0,00045b5d616e,000000000000000000000000000000000000000000000000000000000000001e000000000000001e000000000000001e000000000000001e0000000000006559,0000000000000000,0,0,0,"_","_"
901,5,0,00045b5d616f,000000000000000000000000000000000000000000000000000000000000001e000000000000001e000000000000001e000000000000001e0000000000006559,0000000000000000,0,0,0,"_","_"
902,6,0,00045b5d6170,000000000000000000000000000000000000000000000000000000000000001e000000000000001e000000000000001e000000000000001e0000000000006559,0000000000000000,0,0,0,"_","_"
903,7,0,00045b5d6171,000000000000000000000000000000000000000000000000000000000000001e000000000000001e000000000000001e000000000000001e0000000000006559,0000000000000000,0,0,0,"_","_"
904,8,0,00045b5d6172,000000000000000000000000000000000000000000000000000000000000001e000000000000001e000000000000001e000000000000001e0000000000006559,0000000000000000,0,0,0,"_","_"
905,9,0,00045b5d6173,000000000000000000000000000000000000000000000000000000000000001e000000000000001e000000000000001e000000000000001e0000000000006559,0000000000000000,0,0,0,"_","_"
906,10,0,00045b5d6174,000000000000000000000000000000000000000000000000000000000000001e000000000000001e000000000000001e000000000000001e0000000000006559,0000000000000000,0,0,0,"_","_"
907,11,0,00045b5d6175,000000000000000000000000000000000000000000000000000000000000001e000000000000001e000000000000001e000000000000001e0000000000006559,0000000000000000,0,0,0,"_","_"
908,12,0,00045b5d6176,000000000000000000000000000000000000000000000000000000000000001e000000000000001e000000000000001e000000000000001e0000000000006559,0000000000000000,0,0,0,"_","_"
909,13,0,00045b5d6177,000000000000000000000000000000000000000000000000000000000000001e000000000000001e000000000000001e000000000000001e0000000000006559,0000000000000000,0,0,0,"_","_"
910,14,0,00045b5d6178,000000000000000000000000000000000000000000000000000000000000001e000000000000001e000000000000001e000000000000001e0000000000006559,0000000000000000,0,0,0,"_","_"
911,15,0,00045b5d6179,000000000000000000000000000000000000000000000000000000000000001e000000000000001e000000000000001e000000000000001e0000000000006559,0000000000000000,0,0,0,"_","_"
912,0,1,00045b77dcd2,80fe00000000ef610087d3e473ff0100000000000000000002ff91a063feff1452f600000000000080feff3a200000000060dd8691a0631452f4d3e473ff3333,ffffffffffffffff,0,1,0,"Active","Stream Beat"
913,1,0,00045b77dcd3,00000000000000000000000000000000000000000000001e000000000000001e0000000000002cc79ebd91a0631452f40101d3e473fefffb9002000000000000,00000000003fffff,0,1,1,"Active","Last Stream"
914,2,0,00045b77dcd4,000000000000000000000000000000000000000000000000000000000000001e000000000000001e0000000000002cc79ebd91a0631452f40101d3e473fefffb,0000000000000000,0,0,0,"_","_"
915,3,0,00045b77dcd5,000000000000000000000000000000000000000000000000000000000000001e000000000000001e0000000000002cc79ebd91a0631452f40101d3e473fefffb,0000000000000000,0,0,0,"_","_"
916,4,0,00045b77dcd6,000000000000000000000000000000000000000000000000000000000000001e000000000000001e0000000000002cc79ebd91a0631452f40101d3e473fefffb,0000000000000000,0,0,0,"_","_"
917,5,0,00045b77dcd7,000000000000000000000000000000000000000000000000000000000000001e000000000000001e0000000000002cc79ebd91a0631452f40101d3e473fefffb,0000000000000000,0,0,0,"_","_"
918,6,0,00045b77dcd8,000000000000000000000000000000000000000000000000000000000000001e000000000000001e0000000000002cc79ebd91a0631452f40101d3e473fefffb,0000000000000000,0,0,0,"_","_"
919,7,0,00045b77dcd9,000000000000000000000000000000000000000000000000000000000000001e000000000000001e0000000000002cc79ebd91a0631452f40101d3e473fefffb,0000000000000000,0,0,0,"_","_"
920,8,0,00045b77dcda,000000000000000000000000000000000000000000000000000000000000001e000000000000001e0000000000002cc79ebd91a0631452f40101d3e473fefffb,0000000000000000,0,0,0,"_","_"
921,9,0,00045b77dcdb,000000000000000000000000000000000000000000000000000000000000001e000000000000001e0000000000002cc79ebd91a0631452f40101d3e473fefffb,0000000000000000,0,0,0,"_","_"
922,10,0,00045b77dcdc,000000000000000000000000000000000000000000000000000000000000001e000000000000001e0000000000002cc79ebd91a0631452f40101d3e473fefffb,0000000000000000,0,0,0,"_","_"
923,11,0,00045b77dcdd,000000000000000000000000000000000000000000000000000000000000001e000000000000001e0000000000002cc79ebd91a0631452f40101d3e473fefffb,0000000000000000,0,0,0,"_","_"
924,12,0,00045b77dcde,000000000000000000000000000000000000000000000000000000000000001e000000000000001e0000000000002cc79ebd91a0631452f40101d3e473fefffb,0000000000000000,0,0,0,"_","_"
925,13,0,00045b77dcdf,000000000000000000000000000000000000000000000000000000000000001e000000000000001e0000000000002cc79ebd91a0631452f40101d3e473fefffb,0000000000000000,0,0,0,"_","_"
926,14,0,00045b77dce0,000000000000000000000000000000000000000000000000000000000000001e000000000000001e0000000000002cc79ebd91a0631452f40101d3e473fefffb,0000000000000000,0,0,0,"_","_"
927,15,0,00045b77dce1,000000000000000000000000000000000000000000000000000000000000001e000000000000001e0000000000002cc79ebd91a0631452f40101d3e473fefffb,0000000000000000,0,0,0,"_","_"
928,0,1,00045b78ac8c,80fe0000000090380087d3e473ff0100000000000000000002ffa10003feff31530e00000000000080feff3a200000000060dd86a1000331530cd3e473ff3333,ffffffffffffffff,0,1,0,"Active","Stream Beat"
929,1,0,00045b78ac8d,000000000000001e000000000000001e000000000000001e000000000000001e000000000000c70598a3a1000331530c0101d3e473fefffb9002000000000000,00000000003fffff,0,1,1,"Active","Last Stream"
930,2,0,00045b78ac8e,000000000000000000000000000000000000000000000000000000000000001e000000000000001e000000000000001e000000000000001e000000000000c705,0000000000000000,0,0,0,"_","_"
931,3,0,00045b78ac8f,000000000000000000000000000000000000000000000000000000000000001e000000000000001e000000000000001e000000000000001e000000000000c705,0000000000000000,0,0,0,"_","_"
932,4,0,00045b78ac90,000000000000000000000000000000000000000000000000000000000000001e000000000000001e000000000000001e000000000000001e000000000000c705,0000000000000000,0,0,0,"_","_"
933,5,0,00045b78ac91,000000000000000000000000000000000000000000000000000000000000001e000000000000001e000000000000001e000000000000001e000000000000c705,0000000000000000,0,0,0,"_","_"
934,6,0,00045b78ac92,000000000000000000000000000000000000000000000000000000000000001e000000000000001e000000000000001e000000000000001e000000000000c705,0000000000000000,0,0,0,"_","_"
935,7,0,00045b78ac93,000000000000000000000000000000000000000000000000000000000000001e000000000000001e000000000000001e000000000000001e000000000000c705,0000000000000000,0,0,0,"_","_"
936,8,0,00045b78ac94,000000000000000000000000000000000000000000000000000000000000001e000000000000001e000000000000001e000000000000001e000000000000c705,0000000000000000,0,0,0,"_","_"
937,9,0,00045b78ac95,000000000000000000000000000000000000000000000000000000000000001e000000000000001e000000000000001e000000000000001e000000000000c705,0000000000000000,0,0,0,"_","_"
938,10,0,00045b78ac96,000000000000000000000000000000000000000000000000000000000000001e000000000000001e000000000000001e000000000000001e000000000000c705,0000000000000000,0,0,0,"_","_"
939,11,0,00045b78ac97,000000000000000000000000000000000000000000000000000000000000001e000000000000001e000000000000001e000000000000001e000000000000c705,0000000000000000,0,0,0,"_","_"
940,12,0,00045b78ac98,000000000000000000000000000000000000000000000000000000000000001e000000000000001e000000000000001e000000000000001e000000000000c705,0000000000000000,0,0,0,"_","_"
941,13,0,00045b78ac99,000000000000000000000000000000000000000000000000000000000000001e000000000000001e000000000000001e000000000000001e000000000000c705,0000000000000000,0,0,0,"_","_"
942,14,0,00045b78ac9a,000000000000000000000000000000000000000000000000000000000000001e000000000000001e000000000000001e000000000000001e000000000000c705,0000000000000000,0,0,0,"_","_"
943,15,0,00045b78ac9b,000000000000000000000000000000000000000000000000000000000000001e000000000000001e000000000000001e000000000000001e000000000000c705,0000000000000000,0,0,0,"_","_"
944,0,1,00045b796e38,80fe00000000ef610087d3e473ff0100000000000000000002ff91a063feff1452f600000000000080feff3a200000000060dd8691a0631452f4d3e473ff3333,ffffffffffffffff,0,1,0,"Active","Stream Beat"
945,1,0,00045b796e39,00000000000000000000000000000000000000000000001e000000000000001e0000000000002cc79ebd91a0631452f40101d3e473fefffb9002000000000000,00000000003fffff,0,1,1,"Active","Last Stream"
946,2,0,00045b796e3a,000000000000000000000000000000000000000000000000000000000000001e000000000000001e0000000000002cc79ebd91a0631452f40101d3e473fefffb,0000000000000000,0,0,0,"_","_"
947,3,0,00045b796e3b,000000000000000000000000000000000000000000000000000000000000001e000000000000001e0000000000002cc79ebd91a0631452f40101d3e473fefffb,0000000000000000,0,0,0,"_","_"
948,4,0,00045b796e3c,000000000000000000000000000000000000000000000000000000000000001e000000000000001e0000000000002cc79ebd91a0631452f40101d3e473fefffb,0000000000000000,0,0,0,"_","_"
949,5,0,00045b796e3d,000000000000000000000000000000000000000000000000000000000000001e000000000000001e0000000000002cc79ebd91a0631452f40101d3e473fefffb,0000000000000000,0,0,0,"_","_"
950,6,0,00045b796e3e,000000000000000000000000000000000000000000000000000000000000001e000000000000001e0000000000002cc79ebd91a0631452f40101d3e473fefffb,0000000000000000,0,0,0,"_","_"
951,7,0,00045b796e3f,000000000000000000000000000000000000000000000000000000000000001e000000000000001e0000000000002cc79ebd91a0631452f40101d3e473fefffb,0000000000000000,0,0,0,"_","_"
952,8,0,00045b796e40,000000000000000000000000000000000000000000000000000000000000001e000000000000001e0000000000002cc79ebd91a0631452f40101d3e473fefffb,0000000000000000,0,0,0,"_","_"
953,9,0,00045b796e41,000000000000000000000000000000000000000000000000000000000000001e000000000000001e0000000000002cc79ebd91a0631452f40101d3e473fefffb,0000000000000000,0,0,0,"_","_"
954,10,0,00045b796e42,000000000000000000000000000000000000000000000000000000000000001e000000000000001e0000000000002cc79ebd91a0631452f40101d3e473fefffb,0000000000000000,0,0,0,"_","_"
955,11,0,00045b796e43,000000000000000000000000000000000000000000000000000000000000001e000000000000001e0000000000002cc79ebd91a0631452f40101d3e473fefffb,0000000000000000,0,0,0,"_","_"
956,12,0,00045b796e44,000000000000000000000000000000000000000000000000000000000000001e000000000000001e0000000000002cc79ebd91a0631452f40101d3e473fefffb,0000000000000000,0,0,0,"_","_"
957,13,0,00045b796e45,000000000000000000000000000000000000000000000000000000000000001e000000000000001e0000000000002cc79ebd91a0631452f40101d3e473fefffb,0000000000000000,0,0,0,"_","_"
958,14,0,00045b796e46,000000000000000000000000000000000000000000000000000000000000001e000000000000001e0000000000002cc79ebd91a0631452f40101d3e473fefffb,0000000000000000,0,0,0,"_","_"
959,15,0,00045b796e47,000000000000000000000000000000000000000000000000000000000000001e000000000000001e0000000000002cc79ebd91a0631452f40101d3e473fefffb,0000000000000000,0,0,0,"_","_"
960,0,1,00045b7b2390,80fe0000000090380087d3e473ff0100000000000000000002ffa10003feff31530e00000000000080feff3a200000000060dd86a1000331530cd3e473ff3333,ffffffffffffffff,0,1,0,"Active","Stream Beat"
961,1,0,00045b7b2391,0000000000000000000000000000001e000000000000001e000000000000001e000000000000c70598a3a1000331530c0101d3e473fefffb9002000000000000,00000000003fffff,0,1,1,"Active","Last Stream"
962,2,0,00045b7b2392,000000000000000000000000000000000000000000000000000000000000001e000000000000001e000000000000001e000000000000c70598a3a1000331530c,0000000000000000,0,0,0,"_","_"
963,3,0,00045b7b2393,000000000000000000000000000000000000000000000000000000000000001e000000000000001e000000000000001e000000000000c70598a3a1000331530c,0000000000000000,0,0,0,"_","_"
964,4,0,00045b7b2394,000000000000000000000000000000000000000000000000000000000000001e000000000000001e000000000000001e000000000000c70598a3a1000331530c,0000000000000000,0,0,0,"_","_"
965,5,0,00045b7b2395,000000000000000000000000000000000000000000000000000000000000001e000000000000001e000000000000001e000000000000c70598a3a1000331530c,0000000000000000,0,0,0,"_","_"
966,6,0,00045b7b2396,000000000000000000000000000000000000000000000000000000000000001e000000000000001e000000000000001e000000000000c70598a3a1000331530c,0000000000000000,0,0,0,"_","_"
967,7,0,00045b7b2397,000000000000000000000000000000000000000000000000000000000000001e000000000000001e000000000000001e000000000000c70598a3a1000331530c,0000000000000000,0,0,0,"_","_"
968,8,0,00045b7b2398,000000000000000000000000000000000000000000000000000000000000001e000000000000001e000000000000001e000000000000c70598a3a1000331530c,0000000000000000,0,0,0,"_","_"
969,9,0,00045b7b2399,000000000000000000000000000000000000000000000000000000000000001e000000000000001e000000000000001e000000000000c70598a3a1000331530c,0000000000000000,0,0,0,"_","_"
970,10,0,00045b7b239a,000000000000000000000000000000000000000000000000000000000000001e000000000000001e000000000000001e000000000000c70598a3a1000331530c,0000000000000000,0,0,0,"_","_"
971,11,0,00045b7b239b,000000000000000000000000000000000000000000000000000000000000001e000000000000001e000000000000001e000000000000c70598a3a1000331530c,0000000000000000,0,0,0,"_","_"
972,12,0,00045b7b239c,000000000000000000000000000000000000000000000000000000000000001e000000000000001e000000000000001e000000000000c70598a3a1000331530c,0000000000000000,0,0,0,"_","_"
973,13,0,00045b7b239d,000000000000000000000000000000000000000000000000000000000000001e000000000000001e000000000000001e000000000000c70598a3a1000331530c,0000000000000000,0,0,0,"_","_"
974,14,0,00045b7b239e,000000000000000000000000000000000000000000000000000000000000001e000000000000001e000000000000001e000000000000c70598a3a1000331530c,0000000000000000,0,0,0,"_","_"
975,15,0,00045b7b239f,000000000000000000000000000000000000000000000000000000000000001e000000000000001e000000000000001e000000000000c70598a3a1000331530c,0000000000000000,0,0,0,"_","_"
976,0,1,00045b7c25ec,80fe0000000050390087d3e473ff0100000000000000000002ff410003feff31530e00000000000080feff3a200000000060dd8641000331530cd3e473ff3333,ffffffffffffffff,0,1,0,"Active","Stream Beat"
977,1,0,00045b7c25ed,00000000000056f53d5041000331530c0101d3e473fefffb900200000000000080fe0000000050393d5041000331530c0101d3e473fefffb9002000000000000,00000000003fffff,0,1,1,"Active","Last Stream"
978,2,0,00045b7c25ee,00000000000000000000000000000000000000000000000000000000000056f53d5041000331530c0101d3e473fefffb900200000000000080fe000000005039,0000000000000000,0,0,0,"_","_"
979,3,0,00045b7c25ef,00000000000000000000000000000000000000000000000000000000000056f53d5041000331530c0101d3e473fefffb900200000000000080fe000000005039,0000000000000000,0,0,0,"_","_"
980,4,0,00045b7c25f0,00000000000000000000000000000000000000000000000000000000000056f53d5041000331530c0101d3e473fefffb900200000000000080fe000000005039,0000000000000000,0,0,0,"_","_"
981,5,0,00045b7c25f1,00000000000000000000000000000000000000000000000000000000000056f53d5041000331530c0101d3e473fefffb900200000000000080fe000000005039,0000000000000000,0,0,0,"_","_"
982,6,0,00045b7c25f2,00000000000000000000000000000000000000000000000000000000000056f53d5041000331530c0101d3e473fefffb900200000000000080fe000000005039,0000000000000000,0,0,0,"_","_"
983,7,0,00045b7c25f3,00000000000000000000000000000000000000000000000000000000000056f53d5041000331530c0101d3e473fefffb900200000000000080fe000000005039,0000000000000000,0,0,0,"_","_"
984,8,0,00045b7c25f4,00000000000000000000000000000000000000000000000000000000000056f53d5041000331530c0101d3e473fefffb900200000000000080fe000000005039,0000000000000000,0,0,0,"_","_"
985,9,0,00045b7c25f5,00000000000000000000000000000000000000000000000000000000000056f53d5041000331530c0101d3e473fefffb900200000000000080fe000000005039,0000000000000000,0,0,0,"_","_"
986,10,0,00045b7c25f6,00000000000000000000000000000000000000000000000000000000000056f53d5041000331530c0101d3e473fefffb900200000000000080fe000000005039,0000000000000000,0,0,0,"_","_"
987,11,0,00045b7c25f7,00000000000000000000000000000000000000000000000000000000000056f53d5041000331530c0101d3e473fefffb900200000000000080fe000000005039,0000000000000000,0,0,0,"_","_"
988,12,0,00045b7c25f8,00000000000000000000000000000000000000000000000000000000000056f53d5041000331530c0101d3e473fefffb900200000000000080fe000000005039,0000000000000000,0,0,0,"_","_"
989,13,0,00045b7c25f9,00000000000000000000000000000000000000000000000000000000000056f53d5041000331530c0101d3e473fefffb900200000000000080fe000000005039,0000000000000000,0,0,0,"_","_"
990,14,0,00045b7c25fa,00000000000000000000000000000000000000000000000000000000000056f53d5041000331530c0101d3e473fefffb900200000000000080fe000000005039,0000000000000000,0,0,0,"_","_"
991,15,0,00045b7c25fb,00000000000000000000000000000000000000000000000000000000000056f53d5041000331530c0101d3e473fefffb900200000000000080fe000000005039,0000000000000000,0,0,0,"_","_"
992,0,1,00045b7dad6a,80fe0000000050390087d3e473ff0100000000000000000002ff410003feff31530e00000000000080feff3a200000000060dd8641000331530cd3e473ff3333,ffffffffffffffff,0,1,0,"Active","Stream Beat"
993,1,0,00045b7dad6b,00000000000000000000000000000000000000000000001e000000000000001e00000000000056f53d5041000331530c0101d3e473fefffb9002000000000000,00000000003fffff,0,1,1,"Active","Last Stream"
994,2,0,00045b7dad6c,000000000000000000000000000000000000000000000000000000000000001e000000000000001e00000000000056f53d5041000331530c0101d3e473fefffb,0000000000000000,0,0,0,"_","_"
995,3,0,00045b7dad6d,000000000000000000000000000000000000000000000000000000000000001e000000000000001e00000000000056f53d5041000331530c0101d3e473fefffb,0000000000000000,0,0,0,"_","_"
996,4,0,00045b7dad6e,000000000000000000000000000000000000000000000000000000000000001e000000000000001e00000000000056f53d5041000331530c0101d3e473fefffb,0000000000000000,0,0,0,"_","_"
997,5,0,00045b7dad6f,000000000000000000000000000000000000000000000000000000000000001e000000000000001e00000000000056f53d5041000331530c0101d3e473fefffb,0000000000000000,0,0,0,"_","_"
998,6,0,00045b7dad70,000000000000000000000000000000000000000000000000000000000000001e000000000000001e00000000000056f53d5041000331530c0101d3e473fefffb,0000000000000000,0,0,0,"_","_"
999,7,0,00045b7dad71,000000000000000000000000000000000000000000000000000000000000001e000000000000001e00000000000056f53d5041000331530c0101d3e473fefffb,0000000000000000,0,0,0,"_","_"
1000,8,0,00045b7dad72,000000000000000000000000000000000000000000000000000000000000001e000000000000001e00000000000056f53d5041000331530c0101d3e473fefffb,0000000000000000,0,0,0,"_","_"
1001,9,0,00045b7dad73,000000000000000000000000000000000000000000000000000000000000001e000000000000001e00000000000056f53d5041000331530c0101d3e473fefffb,0000000000000000,0,0,0,"_","_"
1002,10,0,00045b7dad74,000000000000000000000000000000000000000000000000000000000000001e000000000000001e00000000000056f53d5041000331530c0101d3e473fefffb,0000000000000000,0,0,0,"_","_"
1003,11,0,00045b7dad75,000000000000000000000000000000000000000000000000000000000000001e000000000000001e00000000000056f53d5041000331530c0101d3e473fefffb,0000000000000000,0,0,0,"_","_"
1004,12,0,00045b7dad76,000000000000000000000000000000000000000000000000000000000000001e000000000000001e00000000000056f53d5041000331530c0101d3e473fefffb,0000000000000000,0,0,0,"_","_"
1005,13,0,00045b7dad77,000000000000000000000000000000000000000000000000000000000000001e000000000000001e00000000000056f53d5041000331530c0101d3e473fefffb,0000000000000000,0,0,0,"_","_"
1006,14,0,00045b7dad78,000000000000000000000000000000000000000000000000000000000000001e000000000000001e00000000000056f53d5041000331530c0101d3e473fefffb,0000000000000000,0,0,0,"_","_"
1007,15,0,00045b7dad79,000000000000000000000000000000000000000000000000000000000000001e000000000000001e00000000000056f53d5041000331530c0101d3e473fefffb,0000000000000000,0,0,0,"_","_"
1008,0,1,00045baafdb0,80fe0000000010370087d3e473ff0100000000000000000002ff610103feff31530e00000000000080feff3a200000000060dd8661010331530cd3e473ff3333,ffffffffffffffff,0,1,0,"Active","Stream Beat"
1009,1,0,00045baafdb1,000000000000001e000000000000001e000000000000001e000000000000001e0000000000000223cd3861010331530c0101d3e473fefffb9002000000000000,00000000003fffff,0,1,1,"Active","Last Stream"
1010,2,0,00045baafdb2,000000000000000000000000000000000000000000000000000000000000001e000000000000001e000000000000001e000000000000001e0000000000000223,0000000000000000,0,0,0,"_","_"
1011,3,0,00045baafdb3,000000000000000000000000000000000000000000000000000000000000001e000000000000001e000000000000001e000000000000001e0000000000000223,0000000000000000,0,0,0,"_","_"
1012,4,0,00045baafdb4,000000000000000000000000000000000000000000000000000000000000001e000000000000001e000000000000001e000000000000001e0000000000000223,0000000000000000,0,0,0,"_","_"
1013,5,0,00045baafdb5,000000000000000000000000000000000000000000000000000000000000001e000000000000001e000000000000001e000000000000001e0000000000000223,0000000000000000,0,0,0,"_","_"
1014,6,0,00045baafdb6,000000000000000000000000000000000000000000000000000000000000001e000000000000001e000000000000001e000000000000001e0000000000000223,0000000000000000,0,0,0,"_","_"
1015,7,0,00045baafdb7,000000000000000000000000000000000000000000000000000000000000001e000000000000001e000000000000001e000000000000001e0000000000000223,0000000000000000,0,0,0,"_","_"
1016,8,0,00045baafdb8,000000000000000000000000000000000000000000000000000000000000001e000000000000001e000000000000001e000000000000001e0000000000000223,0000000000000000,0,0,0,"_","_"
1017,9,0,00045baafdb9,000000000000000000000000000000000000000000000000000000000000001e000000000000001e000000000000001e000000000000001e0000000000000223,0000000000000000,0,0,0,"_","_"
1018,10,0,00045baafdba,000000000000000000000000000000000000000000000000000000000000001e000000000000001e000000000000001e000000000000001e0000000000000223,0000000000000000,0,0,0,"_","_"
1019,11,0,00045baafdbb,000000000000000000000000000000000000000000000000000000000000001e000000000000001e000000000000001e000000000000001e0000000000000223,0000000000000000,0,0,0,"_","_"
1020,12,0,00045baafdbc,000000000000000000000000000000000000000000000000000000000000001e000000000000001e000000000000001e000000000000001e0000000000000223,0000000000000000,0,0,0,"_","_"
1021,13,0,00045baafdbd,000000000000000000000000000000000000000000000000000000000000001e000000000000001e000000000000001e000000000000001e0000000000000223,0000000000000000,0,0,0,"_","_"
1022,14,0,00045baafdbe,000000000000000000000000000000000000000000000000000000000000001e000000000000001e000000000000001e000000000000001e0000000000000223,0000000000000000,0,0,0,"_","_"
1023,15,0,00045baafdbf,000000000000000000000000000000000000000000000000000000000000001e000000000000001e000000000000001e000000000000001e0000000000000223,0000000000000000,0,0,0,"_","_"
